IssuerKey,IssuerID,IssuerName,StateKey,IsIssuerNewToExchange,IsSADPOnlyIssuer,ClaimsPaymentPoliciesURL,RateReviewURL,FinancialInformationURL,FinancialInformationStatusCode
1,10046,BEST Life and Health Insurance Company,7,False,True,https://www.bestlife.com/HI/index.html,https://ratereview.healthcare.gov/,https://www.naic.org/cis_refined_results.htm?TABLEAU=CIS_FINANCIAL&COCODE=90638&:refresh,AVAILABLE
2,10091,PacificSource Health Plans,22,False,False,https://pacificsource.com/yourplan/,https://ratereview.healthcare.gov/,https://www.naic.org/cis_refined_results.htm?TABLEAU=CIS_FINANCIAL&COCODE=54976&:refresh,AVAILABLE
3,11269,Blue Cross Blue Shield of Wyoming,30,False,False,https://www.bcbswy.com/QHPTransparency,https://ratereview.healthcare.gov/,https://www.naic.org/cis_refined_results.htm?TABLEAU=CIS_FINANCIAL&COCODE=53767&:refresh,AVAILABLE
4,11324,BEST Life and Health Insurance Company,14,False,True,https://www.bestlife.com/ms/index.html,https://ratereview.healthcare.gov/,https://www.naic.org/cis_refined_results.htm?TABLEAU=CIS_FINANCIAL&COCODE=90638&:refresh,AVAILABLE
5,11339,Dentegra Insurance Company,10,False,True,https://www.dentegra.com/for-members/use-your-plan/know-your-health-care-exchange-plan.html,https://ratereview.healthcare.gov/,https://www.naic.org/cis_refined_results.htm?TABLEAU=CIS_FINANCIAL&COCODE=73474&:refresh,AVAILABLE
6,11512,Blue Cross and Blue Shield of NC,16,False,False,https://www.bluecrossnc.com/members/health-plans/forms-resources/transparency-coverage,https://ratereview.healthcare.gov/,https://www.naic.org/cis_refined_results.htm?TABLEAU=CIS_FINANCIAL&COCODE=54631&:refresh,AVAILABLE
7,11718,"Community Health Choice Texas, Inc.",26,True,False,https://www.communityhealthchoice.org/health-insurance-marketplace/transparency-in-coverage-2026/,https://ratereview.healthcare.gov/,,MISSING_URL
8,11904,"DentaQuest USA Insurance Company, Inc.",11,False,True,https://www.dentaquest.com/en/members/marketplace/transparency-in-coverage,https://ratereview.healthcare.gov/,,MISSING_URL
9,12303,"DentaQuest National Insurance Company, Inc.",4,False,True,https://www.dentaquest.com/en/members/marketplace/transparency-in-coverage,https://ratereview.healthcare.gov/,https://www.naic.org/cis_refined_results.htm?TABLEAU=CIS_FINANCIAL&COCODE=67636&:refresh,AVAILABLE
10,12513,TRUASSURE INSURANCE COMPANY,21,False,True,https://www.truassure.com/aca-plans,https://ratereview.healthcare.gov/,https://www.naic.org/cis_refined_results.htm?TABLEAU=CIS_FINANCIAL&COCODE=92525&:refresh,AVAILABLE
11,12538,BEST Life and Health Insurance Company,2,False,True,https://www.bestlife.com/AL/index.html,https://ratereview.healthcare.gov/,https://www.naic.org/cis_refined_results.htm?TABLEAU=CIS_FINANCIAL&COCODE=90638&:refresh,AVAILABLE
12,12846,The Guardian Life Insurance Company,26,False,True,https://assets.ctfassets.net/jrhizl9l7csx/3AyKUByHZ9NSjeQMcwn8j8/53ce95a9baee7494befb828f7152268a/Exchange_Transparency_in_Coverage_8.11.25.pdf,https://ratereview.healthcare.gov/,,MISSING_URL
13,13219,"Boston Medical Center Health Plan, Inc.",19,True,False,https://www.wellsense.org/about-us/accessing-your-health-information,https://ratereview.healthcare.gov/,https://www.naic.org/cis_refined_results.htm?TABLEAU=CIS_FINANCIAL&COCODE=13203&:refresh,AVAILABLE
14,13262,"HMO Partners, Inc.",3,False,False,https://www.healthadvantage-hmo.com/members/individual-and-family/member-rights/transparency-in-coverage,https://ratereview.healthcare.gov/,https://www.naic.org/cis_refined_results.htm?TABLEAU=CIS_FINANCIAL&COCODE=95442&:refresh,AVAILABLE
15,13484,Celtic Insurance Company,18,True,False,https://www.ambetterhealth.com/en/ne/resources/handbooks-forms/transparency-notice-2026,https://ratereview.healthcare.gov/,,MISSING_URL
16,13591,CareSource North Carolina Co.,16,False,False,https://www.caresource.com/nc/plans/marketplace/plan-documents/general-plan-information/,https://ratereview.healthcare.gov/,https://www.naic.org/cis_refined_results.htm?TABLEAU=CIS_FINANCIAL&COCODE=17366&:refresh,AVAILABLE
17,13711,Renaissance Life & Health Insurance Company of America,21,False,True,https://renaissancebenefits.com/understanding-your-benefits/affordable-care-act-coverage/,https://ratereview.healthcare.gov/,,MISSING_URL
18,13877,"Oscar Health Plan, Inc.",4,False,False,https://hioscar.com/az_tic_2026,https://ratereview.healthcare.gov/,https://www.naic.org/cis_refined_results.htm?TABLEAU=CIS_FINANCIAL&COCODE=16337&:refresh,AVAILABLE
19,13887,Community Care Network Inc,6,True,False,https://22healthplan.com/for-members/documents/toc/,https://ratereview.healthcare.gov/,https://content.naic.org/cis_refined_results.htm?TABLEAU=CIS_FINANCIAL&COCODE=17423&:refresh,AVAILABLE
20,14002,BlueCross BlueShield of Tennessee,25,False,False,https://www.bcbst.com/transparency-in-coverage/,https://ratereview.healthcare.gov/,,MISSING_URL
21,14948,"Alpha Dental of Utah, Inc.",27,False,True,https://www1.deltadentalins.com/individuals-and-families/healthcare-reform-for-individuals/how-your-marketplace-plan-works.html,https://ratereview.healthcare.gov/,,MISSING_URL
22,15560,Blue Cross Blue Shield of Michigan Mutual Insurance Company,12,False,False,https://www.bcbsm.com/what-to-know-about-aca-plans/index/,https://ratereview.healthcare.gov/,https://www.naic.org/cis_refined_results.htm?TABLEAU=CIS_FINANCIAL&COCODE=54291&:refresh,AVAILABLE
23,15676,"Dominion Dental Services, Inc.",12,False,True,https://www.dominionnational.com/wps/wcm/connect/prodnws.dominionnational.com-30097/a166049e-f578-4b90-8fda-60f3bf81a047/PY2026+Transparency+in+Coverage+Policy.pdf?MOD=AJPERES&CVID=pstswnr,https://ratereview.healthcare.gov/,https://content.naic.org/cis_refined_results.htm?TABLEAU=CIS_FINANCIAL&COCODE=95657&:refresh,AVAILABLE
24,15833,Guardian Life Insurance Company of America,6,False,True,https://assets.ctfassets.net/jrhizl9l7csx/3AyKUByHZ9NSjeQMcwn8j8/53ce95a9baee7494befb828f7152268a/Exchange_Transparency_in_Coverage_8.11.25.pdf,https://ratereview.healthcare.gov/,https://www.naic.org/cis_refined_results.htm?TABLEAU=CIS_FINANCIAL&COCODE=64246&:refresh,AVAILABLE
25,15980,Humana Insurance Company,6,False,True,https://www.humana.com/member/plain-language-policy,https://ratereview.healthcare.gov/,https://www.naic.org/cis_refined_results.htm?TABLEAU=CIS_FINANCIAL&COCODE=73288&:refresh,AVAILABLE
26,16842,Blue Cross and Blue Shield of Florida,6,False,False,https://www.floridablue.com/members/individual/home,https://ratereview.healthcare.gov/,https://www.naic.org/cis_refined_results.htm?TABLEAU=CIS_FINANCIAL&COCODE=98167&:refresh,AVAILABLE
27,16845,"Dominion Dental Services, Inc.",9,False,True,https://www.dominionnational.com/wps/wcm/connect/prodnws.dominionnational.com-30097/a166049e-f578-4b90-8fda-60f3bf81a047/PY2026+Transparency+in+Coverage+Policy.pdf?MOD=AJPERES&CVID=pstswnr,https://ratereview.healthcare.gov/,https://content.naic.org/cis_refined_results.htm?TABLEAU=CIS_FINANCIAL&COCODE=95657&:refresh,AVAILABLE
28,17091,Oscar Insurance Company,2,True,False,https://www.hioscar.com/al_tic_2026,https://ratereview.healthcare.gov/,,MISSING_URL
29,17121,BEST Life and Health Insurance Company,6,False,True,https://www.bestlife.com/FL/index.html,https://ratereview.healthcare.gov/,https://www.naic.org/cis_refined_results.htm?TABLEAU=CIS_FINANCIAL&COCODE=90638&:refresh,AVAILABLE
30,17414,"AmeriHealth Caritas North Carolina, Inc.",16,False,False,https://www.amerihealthcaritasnext.com/nc/transparency-in-coverage-2026.aspx,https://ratereview.healthcare.gov/,https://www.naic.org/cis_refined_results.htm?TABLEAU=CIS_FINANCIAL&COCODE=16539&:refresh,AVAILABLE
31,17454,Guardian Life Insurance Company of America,4,False,True,https://assets.ctfassets.net/jrhizl9l7csx/3AyKUByHZ9NSjeQMcwn8j8/53ce95a9baee7494befb828f7152268a/Exchange_Transparency_in_Coverage_8.11.25.pdf,https://ratereview.healthcare.gov/,https://www.naic.org/cis_refined_results.htm?TABLEAU=CIS_FINANCIAL&COCODE=64246&:refresh,AVAILABLE
32,17540,Guardian Life Insurance Company of America,2,False,True,https://assets.ctfassets.net/jrhizl9l7csx/3AyKUByHZ9NSjeQMcwn8j8/53ce95a9baee7494befb828f7152268a/Exchange_Transparency_in_Coverage_8.11.25.pdf,https://ratereview.healthcare.gov/,https://www.naic.org/cis_refined_results.htm?TABLEAU=CIS_FINANCIAL&COCODE=64246&:refresh,AVAILABLE
33,17575,Anthem Ins Companies Inc(Anthem BCBS),9,False,False,https://www.anthem.com/ms/claims/home.html,https://ratereview.healthcare.gov/,https://www.naic.org/cis_refined_results.htm?TABLEAU=CIS_FINANCIAL&COCODE=28207&:refresh,AVAILABLE
34,17933,"Moda Health Plan, Inc.",26,False,False,https://www.modahealth.com/texas/member/resources/forms-and-documents/transparency-in-coverage,https://ratereview.healthcare.gov/,,MISSING_URL
35,18167,Molina Healthcare of Utah,27,False,False,https://www.molinamarketplace.com/marketplace/ut/en-us/FAQ.aspx,https://ratereview.healthcare.gov/,https://www.naic.org/cis_refined_results.htm?TABLEAU=CIS_FINANCIAL&COCODE=95502&:refresh,AVAILABLE
36,18350,Hawaii Medical Service Association,7,False,False,https://hmsa.com/aca-transparency,https://ratereview.healthcare.gov/,https://www.naic.org/cis_refined_results.htm?TABLEAU=CIS_FINANCIAL&COCODE=49948&:refresh,AVAILABLE
37,18558,"Blue Cross and Blue Shield of Kansas, Inc.",10,False,False,https://www.bcbsks.com/company-info/transparency-in-coverage,https://ratereview.healthcare.gov/,https://www.naic.org/cis_refined_results.htm?TABLEAU=CIS_FINANCIAL&COCODE=70729&:refresh,AVAILABLE
38,18802,Delta Dental Insurance Company,11,False,True,https://www1.deltadentalins.com/individuals-and-families/healthcare-reform-for-individuals/how-your-marketplace-plan-works.html,https://ratereview.healthcare.gov/,,MISSING_URL
39,19636,"HMO Louisiana, Inc.",11,False,False,https://www.lablue.com/footer/transparencyhmola,https://ratereview.healthcare.gov/,https://www.naic.org/cis_refined_results.htm?TABLEAU=CIS_FINANCIAL&COCODE=95643&:refresh,AVAILABLE
40,19898,"AvMed, Inc.",6,False,False,https://shc-p-001.sitecorecontenthub.cloud/api/public/content/Claims-Payment-Policy-and-Other-Information.pdf,https://ratereview.healthcare.gov/,,MISSING_URL
41,20069,Oscar Insurance Company,26,False,False,https://hioscar.com/tx_tic_2026,https://ratereview.healthcare.gov/,https://www.naic.org/cis_refined_results.htm?TABLEAU=CIS_FINANCIAL&COCODE=15777&:refresh,AVAILABLE
42,20173,HealthPartners Insurance Company,28,False,False,https://www.healthpartners.com/ifclaims,https://ratereview.healthcare.gov/,https://www.naic.org/cis_refined_results.htm?TABLEAU=CIS_FINANCIAL&COCODE=44547&:refresh,AVAILABLE
43,20305,Medica Insurance Company,18,False,False,https://www.medica.com/transparency-in-coverage,https://ratereview.healthcare.gov/,https://www.naic.org/cis_refined_results.htm?TABLEAU=CIS_FINANCIAL&COCODE=12459&:refresh,AVAILABLE
44,20635,"Oscar Health Plan, Inc.",14,True,False,https://hioscar.com/ms_tic_2026,https://ratereview.healthcare.gov/,,MISSING_URL
45,21333,Medica Insurance Company,21,False,False,https://www.medica.com/transparency-in-coverage,https://ratereview.healthcare.gov/,https://www.naic.org/cis_refined_results.htm?TABLEAU=CIS_FINANCIAL&COCODE=12459&:refresh,AVAILABLE
46,21525,Oscar Health Maintenance Organization of Florida,6,True,False,https://hioscar.com/fl_tic_2026,https://ratereview.healthcare.gov/,https://content.naic.org/cis_refined_results.htm?TABLEAU=CIS_FINANCIAL&COCODE=16374&:refresh,AVAILABLE
47,21989,Oregon Dental Service,1,False,True,https://www.deltadentalak.com/member/resources/transparency-in-coverage,https://ratereview.healthcare.gov/,https://www.naic.org/cis_refined_results.htm?TABLEAU=CIS_FINANCIAL&COCODE=54941&:refresh,AVAILABLE
48,22013,Regence BlueCross BlueShield of Utah,27,False,False,https://www.regence.com/member/terms-of-use/transparency-in-coverage,https://ratereview.healthcare.gov/,https://www.naic.org/cis_refined_results.htm?TABLEAU=CIS_FINANCIAL&COCODE=54550&:refresh,AVAILABLE
49,23018,"Dominion Dental Services, Inc.",26,True,True,https://www.dominionnational.com/wps/wcm/connect/prodnws.dominionnational.com-30097/a166049e-f578-4b90-8fda-60f3bf81a047/PY2026+Transparency+in+Coverage+Policy.pdf?MOD=AJPERES&CVID=pstswnr,https://ratereview.healthcare.gov/,,MISSING_URL
50,23468,Humana Insurance Company,21,False,True,https://www.humana.com/member/plain-language-policy,https://ratereview.healthcare.gov/,https://www.naic.org/cis_refined_results.htm?TABLEAU=CIS_FINANCIAL&COCODE=73288&:refresh,AVAILABLE
51,23552,Oscar Insurance Company,25,False,False,https://hioscar.com/tn_tic_2026,https://ratereview.healthcare.gov/,https://www.naic.org/cis_refined_results.htm?TABLEAU=CIS_FINANCIAL&COCODE=15777&:refresh,AVAILABLE
52,23603,PacificSource Health Plans,15,False,False,https://pacificsource.com/yourplan/,https://ratereview.healthcare.gov/,,MISSING_URL
53,23891,"Alpha Dental Programs, Inc.",26,False,True,https://www1.deltadentalins.com/individuals-and-families/healthcare-reform-for-individuals/how-your-marketplace-plan-works.html,https://ratereview.healthcare.gov/,,MISSING_URL
54,24106,TRUASSURE INSURANCE COMPANY,4,False,True,https://www.truassure.com/aca-plans,https://ratereview.healthcare.gov/,https://www.naic.org/cis_refined_results.htm?TABLEAU=CIS_FINANCIAL&COCODE=92525&:refresh,AVAILABLE
55,24349,Delta Dental Insurance Company,26,False,True,https://www1.deltadentalins.com/individuals-and-families/healthcare-reform-for-individuals/how-your-marketplace-plan-works.html,https://ratereview.healthcare.gov/,,MISSING_URL
56,24601,BEST Life and Health Insurance Company,25,False,True,https://www.bestlife.com/tn/index.html,https://ratereview.healthcare.gov/,https://www.naic.org/cis_refined_results.htm?TABLEAU=CIS_FINANCIAL&COCODE=90638&:refresh,AVAILABLE
57,25268,TRUASSURE INSURANCE COMPANY,10,False,True,https://www.truassure.com/aca-plans,https://ratereview.healthcare.gov/,https://www.naic.org/cis_refined_results.htm?TABLEAU=CIS_FINANCIAL&COCODE=92525&:refresh,AVAILABLE
58,25486,"Dental Health Services, Inc.",22,False,True,https://www.dentalhealthservices.com/OR/,https://ratereview.healthcare.gov/,https://www.naic.org/cis_refined_results.htm?TABLEAU=CIS_FINANCIAL&COCODE=47490&:refresh,AVAILABLE
59,25896,"Wellmark Health Plan of Iowa, Inc.",8,False,False,https://www.wellmark.com/transparency,https://ratereview.healthcare.gov/,https://www.naic.org/cis_refined_results.htm?TABLEAU=CIS_FINANCIAL&COCODE=95531&:refresh,AVAILABLE
60,25945,Health Resources of Ohio Inc,20,True,True,https://www.insuringsmiles.com/find-a-plan/marketplace-dental/dental-transparency,https://ratereview.healthcare.gov/,https://www.naic.org/cis_refined_results.htm?TABLEAU=CIS_FINANCIAL&COCODE=17613&:refresh,AVAILABLE
61,26018,"Delta Dental of Delaware, Inc.",5,False,True,https://www1.deltadentalins.com/individuals-and-families/healthcare-reform-for-individuals/how-your-marketplace-plan-works.html,https://ratereview.healthcare.gov/,,MISSING_URL
62,26065,Blue Cross and Blue Shield of South Carolina,23,False,False,https://www.southcarolinablues.com/links/transparency,https://ratereview.healthcare.gov/,https://www.naic.org/cis_refined_results.htm?TABLEAU=CIS_FINANCIAL&COCODE=38520&:refresh,AVAILABLE
63,26250,"Managed DentalGuard,Inc.",26,False,True,https://assets.ctfassets.net/jrhizl9l7csx/3AyKUByHZ9NSjeQMcwn8j8/53ce95a9baee7494befb828f7152268a/Exchange_Transparency_in_Coverage_8.11.25.pdf,https://ratereview.healthcare.gov/,https://www.naic.org/cis_refined_results.htm?TABLEAU=CIS_FINANCIAL&COCODE=52556&:refresh,AVAILABLE
64,26904,BEST Life and Health Insurance Company,3,True,False,https://www.bestlife.com/AR/index.html,https://ratereview.healthcare.gov/,https://www.naic.org/cis_refined_results.htm?TABLEAU=CIS_FINANCIAL&COCODE=90638&:refresh,AVAILABLE
65,27248,"Community Health Choice, Inc.",26,False,False,https://www.communityhealthchoice.org/health-insurance-marketplace/transparency-in-coverage-2026/,https://ratereview.healthcare.gov/,,MISSING_URL
66,27409,Guardian Life Insurance Company of America,7,True,True,https://assets.ctfassets.net/jrhizl9l7csx/3AyKUByHZ9NSjeQMcwn8j8/53ce95a9baee7494befb828f7152268a/Exchange_Transparency_in_Coverage_8.11.25.pdf,https://ratereview.healthcare.gov/,https://content.naic.org/cis_refined_results.htm?TABLEAU=CIS_FINANCIAL&COCODE=64246&:refresh,AVAILABLE
67,27882,Delta Dental of Minnesota,17,False,True,https://www.deltadentalmn.org/transparency-in-coverage,https://ratereview.healthcare.gov/,https://www.naic.org/cis_refined_results.htm?TABLEAU=CIS_FINANCIAL&COCODE=55034&:refresh,AVAILABLE
68,28348,"Delta Dental Plan of Arkansas, Inc.",3,False,True,https://www.deltadentalar.com/understanding-your-aca-coverage,https://ratereview.healthcare.gov/,https://www.naic.org/cis_refined_results.htm?TABLEAU=CIS_FINANCIAL&COCODE=47155&:refresh,AVAILABLE
69,28398,TRUASSURE INSURANCE COMPANY,25,False,True,https://www.truassure.com/aca-plans,https://ratereview.healthcare.gov/,https://www.naic.org/cis_refined_results.htm?TABLEAU=CIS_FINANCIAL&COCODE=92525&:refresh,AVAILABLE
70,28415,"Oregon Dental Service, DBA Delta Dental Plan of Oregon",22,False,True,https://www.deltadentalor.com/member/resources/transparency-in-coverage,https://ratereview.healthcare.gov/,https://www.naic.org/cis_refined_results.htm?TABLEAU=CIS_FINANCIAL&COCODE=54941&:refresh,AVAILABLE
71,28419,Renaissance Life & Health Insurance Company of America,11,False,True,https://renaissancebenefits.com/understanding-your-benefits/affordable-care-act-coverage/,https://ratereview.healthcare.gov/,,MISSING_URL
72,28725,Renaissance Life & Health Insurance Company of America,2,False,True,https://renaissancebenefits.com/understanding-your-benefits/affordable-care-act-coverage/,https://ratereview.healthcare.gov/,,MISSING_URL
73,28856,"Delta Dental Plan of Indiana, Inc.",9,False,True,https://www.deltadentalin.com/Member/Using-Your-Benefits/Affordable-Care-Act,https://ratereview.healthcare.gov/,,MISSING_URL
74,29276,Community Insurance Company(Anthem BCBS),20,False,False,https://www.anthem.com/ms/claims/home.html,https://ratereview.healthcare.gov/,https://www.naic.org/cis_refined_results.htm?TABLEAU=CIS_FINANCIAL&COCODE=10345&:refresh,AVAILABLE
75,29341,Oscar Buckeye State Insurance Corp.,20,False,False,https://hioscar.com/ohb_tic_2026,https://ratereview.healthcare.gov/,https://www.naic.org/cis_refined_results.htm?TABLEAU=CIS_FINANCIAL&COCODE=16416&:refresh,AVAILABLE
76,29416,BEST Life and Health Insurance Company,13,False,True,https://www.bestlife.com/mo/index.html,https://ratereview.healthcare.gov/,https://www.naic.org/cis_refined_results.htm?TABLEAU=CIS_FINANCIAL&COCODE=90638&:refresh,AVAILABLE
77,29418,Celtic Insurance Company,26,False,False,https://www.ambetterhealth.com/en/tx/resources/handbooks-forms/transparency-notice-2026,https://ratereview.healthcare.gov/,https://www.naic.org/cis_refined_results.htm?TABLEAU=CIS_FINANCIAL&COCODE=80799&:refresh,AVAILABLE
78,29678,Blue Cross and Blue Shield of Nebraska,18,False,False,https://www.nebraskablue.com/About-Us/Policies-and-Best-Practices/TCR-CAA,https://ratereview.healthcare.gov/,https://www.naic.org/cis_refined_results.htm?TABLEAU=CIS_FINANCIAL&COCODE=77780&:refresh,AVAILABLE
79,29698,Priority Health,12,False,False,https://www.priorityhealth.com/individual-family-health-insurance/using-your-plan,https://ratereview.healthcare.gov/,https://www.naic.org/cis_refined_results.htm?TABLEAU=CIS_FINANCIAL&COCODE=95561&:refresh,AVAILABLE
80,29854,"Alliant Health Plans, Inc.",25,True,False,https://alliantplans.com/Alliant-Transparency-in-Coverage,https://ratereview.healthcare.gov/,https://www.naic.org/cis_refined_results.htm?TABLEAU=CIS_FINANCIAL&COCODE=11256&:refresh,AVAILABLE
81,30045,"Arizona Dental Insurance Service, Inc.",4,False,True,https://www.deltadentalaz.com/shop-for-plans/aca-dental-plans/,https://ratereview.healthcare.gov/,https://www.naic.org/cis_refined_results.htm?TABLEAU=CIS_FINANCIAL&COCODE=53597&:refresh,AVAILABLE
82,30115,Florida Combined Life Insurance Company,6,False,True,https://floridabluedental.com/members/tools-and-resources/transparency-in-coverage,https://ratereview.healthcare.gov/,https://www.naic.org/cis_refined_results.htm?TABLEAU=CIS_FINANCIAL&COCODE=76031&:refresh,AVAILABLE
83,30252,"Health Options, Inc.",6,False,False,https://www.floridablue.com/members/individual/home,https://ratereview.healthcare.gov/,https://www.naic.org/cis_refined_results.htm?TABLEAU=CIS_FINANCIAL&COCODE=95089&:refresh,AVAILABLE
84,30613,Humana Insurance Company,13,False,True,https://www.humana.com/member/plain-language-policy,https://ratereview.healthcare.gov/,https://www.naic.org/cis_refined_results.htm?TABLEAU=CIS_FINANCIAL&COCODE=73288&:refresh,AVAILABLE
85,30751,Blue Cross and Blue Shield of Montana,15,False,False,https://www.bcbsmt.com/member/transparency-in-coverage,https://ratereview.healthcare.gov/,,MISSING_URL
86,31195,Sanford Health Plan,24,False,False,https://www.sanfordhealthplan.com/members/claims-payment-information,https://ratereview.healthcare.gov/,https://www.naic.org/cis_refined_results.htm?TABLEAU=CIS_FINANCIAL&COCODE=95683&:refresh,AVAILABLE
87,31256,"DENCAP Dental Plans, Inc.",12,False,True,https://dencap.com/general-policies/,https://ratereview.healthcare.gov/,,MISSING_URL
88,31274,Highmark Blue Cross Blue Shield West Virginia,29,False,False,https://www.highmark.com/transparency-in-coverage,https://ratereview.healthcare.gov/,https://www.naic.org/cis_refined_results.htm?TABLEAU=CIS_FINANCIAL&COCODE=54828&:refresh,AVAILABLE
89,31358,Humana Insurance Company,7,True,True,https://www.humana.com/member/plain-language-policy,https://ratereview.healthcare.gov/,https://www.naic.org/cis_refined_results.htm?TABLEAU=CIS_FINANCIAL&COCODE=73288&:refresh,AVAILABLE
90,31981,Antidote Health Plan of Ohio,20,True,False,https://www.antidotehealth.com/legal/transparency-in-coverage,https://ratereview.healthcare.gov/,https://www.naic.org/cis_refined_results.htm?TABLEAU=CIS_FINANCIAL&COCODE=17510&:refresh,AVAILABLE
91,32126,TRUASSURE INSURANCE COMPANY,23,False,True,https://www.truassure.com/aca-plans,https://ratereview.healthcare.gov/,https://WWW.naic.org/cis_refined_results.htm?TABLEAU=CIS_FINANCIAL&COCODE=92525&:refresh,AVAILABLE
92,32225,Montana Health Cooperative,15,False,False,https://mountainhealth.coop/members/,https://ratereview.healthcare.gov/,https://www.naic.org/cis_refined_results.htm?TABLEAU=CIS_FINANCIAL&COCODE=14933&:refresh,AVAILABLE
93,32237,Humana Insurance Company,16,False,True,https://www.humana.com/member/plain-language-policy,https://ratereview.healthcare.gov/,https://www.naic.org/cis_refined_results.htm?TABLEAU=CIS_FINANCIAL&COCODE=73288&:refresh,AVAILABLE
94,32753,Healthy Alliance Life Co(Anthem BCBS),13,False,False,https://www.anthem.com/ms/claims/home.html,https://ratereview.healthcare.gov/,https://www.naic.org/cis_refined_results.htm?TABLEAU=CIS_FINANCIAL&COCODE=78972&:refresh,AVAILABLE
95,33086,"Health Resources, Inc.",9,False,True,https://www.insuringsmiles.com/find-a-plan/marketplace-dental/dental-transparency,https://ratereview.healthcare.gov/,https://www.naic.org/cis_refined_results.htm?TABLEAU=CIS_FINANCIAL&COCODE=96687&:refresh,AVAILABLE
96,33602,Blue Cross Blue Shield of Texas,26,False,False,https://www.bcbstx.com/member/transparency-in-coverage,https://ratereview.healthcare.gov/,https://www.naic.org/cis_refined_results.htm?TABLEAU=CIS_FINANCIAL&COCODE=15941&:refresh,AVAILABLE
97,33626,"Solstice Healthplans of Texas, Inc.",26,False,True,https://www.solsticecare.com/claimsFaq.aspx,https://ratereview.healthcare.gov/,https://www.naic.org/cis_refined_results.htm?TABLEAU=CIS_FINANCIAL&COCODE=16892&:refresh,AVAILABLE
98,33764,"UnitedHealthcare of South Carolina, Inc.",23,False,False,https://www.uhc.com/transparency,https://ratereview.healthcare.gov/,https://content.naic.org/cis_refined_results.htm?TABLEAU=CIS_FINANCIAL&COCODE=16740&:refresh,AVAILABLE
99,33863,InStil Health Insurance Company,23,True,False,https://www.instilhealth.com/web/public/brands/ih/transparency/,https://ratereview.healthcare.gov/,https://www.naic.org/cis_refined_results.htm?TABLEAU=CIS_FINANCIAL&COCODE=12168&:refresh,AVAILABLE
100,33931,"UnitedHealthcare of Ohio, Inc.",20,False,False,https://www.uhc.com/transparency,https://ratereview.healthcare.gov/,https://content.naic.org/cis_refined_results.htm?TABLEAU=CIS_FINANCIAL&COCODE=95186&:refresh,AVAILABLE
101,34028,Guardian Life Insurance Company of America,27,False,True,https://assets.ctfassets.net/jrhizl9l7csx/3AyKUByHZ9NSjeQMcwn8j8/53ce95a9baee7494befb828f7152268a/Exchange_Transparency_in_Coverage_8.11.25.pdf,https://ratereview.healthcare.gov/,https://www.naic.org/cis_refined_results.htm?TABLEAU=CIS_FINANCIAL&COCODE=64246&:refresh,AVAILABLE
102,34095,"Solstice Healthplans of Arizona, Inc.",4,False,True,https://www.solsticecare.com/claimsFaq.aspx,https://ratereview.healthcare.gov/,https://www.naic.org/cis_refined_results.htm?TABLEAU=CIS_FINANCIAL&COCODE=16610&:refresh,AVAILABLE
103,34210,Renaissance Life & Health Insurance Company of America,28,False,True,https://renaissancebenefits.com/understanding-your-benefits/affordable-care-act-coverage/,https://ratereview.healthcare.gov/,,MISSING_URL
104,34368,Celtic Insurance Company,10,False,False,https://www.ambetterhealth.com/en/ks/resources/handbooks-forms/transparency-notice-2026,https://ratereview.healthcare.gov/,https://www.naic.org/cis_refined_results.htm?TABLEAU=CIS_FINANCIAL&COCODE=80799&:refresh,AVAILABLE
105,34541,BridgeSpan Health Company,27,False,False,https://www.bridgespanhealth.com/member/terms-of-use/transparency-in-coverage,https://ratereview.healthcare.gov/,https://www.naic.org/cis_refined_results.htm?TABLEAU=CIS_FINANCIAL&COCODE=95303&:refresh,AVAILABLE
106,34588,"Educators Health Plans Life, Accident, and Health, Inc",30,False,True,https://emihealth.com/Policies/WyomingDental,https://ratereview.healthcare.gov/,https://content.naic.org/cis_refined_results.htm?TABLEAU=CIS_FINANCIAL&COCODE=12515&:refresh,AVAILABLE
107,34762,Blue Cross and Blue Shield of Kansas City,13,False,False,https://www.bluekc.com/coverage-terms-and-processes/,https://ratereview.healthcare.gov/,https://www.naic.org/cis_refined_results.htm?TABLEAU=CIS_FINANCIAL&COCODE=47171&:refresh,AVAILABLE
108,34826,"Imperial Insurance Companies, Inc.",26,False,False,https://exchange.imperialhealthplan.com/transparency-in-coverage/,https://ratereview.healthcare.gov/,https://www.naic.org/cis_refined_results.htm?TABLEAU=CIS_FINANCIAL&COCODE=16348&:refresh,AVAILABLE
109,34930,"Delta Dental Plan of Michigan, Inc.",12,False,True,https://www.deltadentalmi.com/Member/Using-Your-Benefits/Affordable-Care-Act,https://ratereview.healthcare.gov/,,MISSING_URL
110,34964,"DentaQuest National Insurance Company, Inc.",20,False,True,https://www.dentaquest.com/en/members/marketplace/transparency-in-coverage,https://ratereview.healthcare.gov/,https://www.naic.org/cis_refined_results.htm?TABLEAU=CIS_FINANCIAL&COCODE=67636&:refresh,AVAILABLE
111,35065,Coordinated Care Corporation Indiana,9,True,False,https://ambetter.mhsindiana.com/resources/handbooks-forms/transparency-notice-2025.html,https://ratereview.healthcare.gov/,https://www.naic.org/cis_refined_results.htm?TABLEAU=CIS_FINANCIAL&COCODE=95831&:refresh,AVAILABLE
112,35700,BEST Life and Health Insurance Company,12,False,True,https://www.bestlife.com/MI/index.html,https://ratereview.healthcare.gov/,https://www.naic.org/cis_refined_results.htm?TABLEAU=CIS_FINANCIAL&COCODE=90638&:refresh,AVAILABLE
113,35853,Renaissance Life & Health Insurance Company of America,13,False,True,https://renaissancebenefits.com/understanding-your-benefits/affordable-care-act-coverage/,https://ratereview.healthcare.gov/,,MISSING_URL
114,36194,"Health First Commercial Plans, Inc.",6,False,False,https://hf.org/health-first-health-plans/hmo,https://ratereview.healthcare.gov/,https://www.naic.org/cis_refined_results.htm?TABLEAU=CIS_FINANCIAL&COCODE=16272&:refresh,AVAILABLE
115,37160,Blue Cross Blue Shield of North Dakota,17,False,False,https://www.bcbsnd.com/privacy-legal/transparency-in-coverage,https://ratereview.healthcare.gov/,https://www.naic.org/cis_refined_results.htm?TABLEAU=CIS_FINANCIAL&COCODE=55891&:refresh,AVAILABLE
116,37758,Harbor Health Insurance Company,26,True,False,https://harborhealth.com/plans/individual-family,https://ratereview.healthcare.gov/,,MISSING_URL
117,37833,Quartz Health Benefit Plans Corporation,28,False,False,https://quartzbenefits.com/transparency,https://ratereview.healthcare.gov/,https://www.naic.org/cis_refined_results.htm?TABLEAU=CIS_FINANCIAL&COCODE=95796&:refresh,AVAILABLE
118,37903,"QualChoice Life & Health Insurance Company, Inc.",3,False,False,https://www.ambetterhealth.com/en/ar/resources/handbooks-forms/transparency-notice-2026,https://ratereview.healthcare.gov/,,MISSING_URL
119,38166,"Security Health Plan of Wisconsin, Inc.",28,False,False,http://www.securityhealth.org/find-a-plan/member-responsibilities,https://ratereview.healthcare.gov/,https://www.naic.org/cis_refined_results.htm?TABLEAU=CIS_FINANCIAL&COCODE=96881&:refresh,AVAILABLE
120,38246,"AmeriHealth Caritas Louisiana, Inc.",11,True,False,https://www.amerihealthcaritasnext.com/la/transparency-in-coverage-2026.aspx,https://ratereview.healthcare.gov/,,MISSING_URL
121,38344,Premera Blue Cross Blue Shield of Alaska,1,False,False,https://www.premera.com/visitor/transparency-coverage?region=pbcak,https://ratereview.healthcare.gov/,https://www.naic.org/cis_refined_results.htm?TABLEAU=CIS_FINANCIAL&COCODE=47570&:refresh,AVAILABLE
122,38345,Dean Health Plan,28,False,False,https://www.deancare.com/Legal/business-transparency,https://ratereview.healthcare.gov/,https://www.naic.org/cis_refined_results.htm?TABLEAU=CIS_FINANCIAL&COCODE=96156&:refresh,AVAILABLE
123,39424,"Moda Health Plan, Inc.",22,False,False,https://www.modahealth.com/members/transparency.shtml,https://ratereview.healthcare.gov/,https://www.naic.org/cis_refined_results.htm?TABLEAU=CIS_FINANCIAL&COCODE=47098&:refresh,AVAILABLE
124,39520,Medica Insurance Company,10,False,False,https://www.medica.com/transparency-in-coverage,https://ratereview.healthcare.gov/,https://www.naic.org/cis_refined_results.htm?TABLEAU=CIS_FINANCIAL&COCODE=12459&:refresh,AVAILABLE
125,40220,"UnitedHealthcare of Texas, Inc.",26,False,False,https://www.uhc.com/transparency,https://ratereview.healthcare.gov/,https://www.naic.org/cis_refined_results.htm?TABLEAU=CIS_FINANCIAL&COCODE=95765&:refresh,AVAILABLE
126,40254,BEST Life and Health Insurance Company,21,False,True,https://www.bestlife.com/ok/index.html,https://ratereview.healthcare.gov/,https://www.naic.org/cis_refined_results.htm?TABLEAU=CIS_FINANCIAL&COCODE=90638&:refresh,AVAILABLE
127,40335,"Educators Health Plans Life, Accident, and Health, Inc",27,False,True,https://emihealth.com/Policies/UtahDental,https://ratereview.healthcare.gov/,https://www.naic.org/cis_refined_results.htm?TABLEAU=CIS_FINANCIAL&COCODE=12515&:refresh,AVAILABLE
128,40356,HAP CareSource,12,True,False,https://www.caresource.com/mi/plans/marketplace/plan-documents/general-plan-information/,https://ratereview.healthcare.gov/,https://www.naic.org/cis_refined_results.htm?TABLEAU=CIS_FINANCIAL&COCODE=95814&:refresh,AVAILABLE
129,40519,"Educators Health Plans Life, Accident, and Health, Inc",13,False,True,https://emihealth.com/Policies/MissouriDental,https://ratereview.healthcare.gov/,,MISSING_URL
130,40540,Renaissance Life & Health Insurance Company of America,26,False,True,https://renaissancebenefits.com/understanding-your-benefits/affordable-care-act-coverage/,https://ratereview.healthcare.gov/,,MISSING_URL
131,40702,"UnitedHealthcare of Arizona, Inc.",4,False,False,https://www.uhc.com/transparency,https://ratereview.healthcare.gov/,https://www.naic.org/cis_refined_results.htm?TABLEAU=CIS_FINANCIAL&COCODE=96016&:refresh,AVAILABLE
132,40788,Scott and White Health Plan,26,False,False,https://www.bswhealthplan.com/individuals-families/Pages/Marketplace.aspx#information,https://ratereview.healthcare.gov/,https://www.naic.org/cis_refined_results.htm?TABLEAU=CIS_FINANCIAL&COCODE=95099&:refresh,AVAILABLE
133,41047,Buckeye Community Health Plan,20,False,False,https://www.ambetterhealth.com/en/oh/resources/handbooks-forms/transparency-notice-2026,https://ratereview.healthcare.gov/,https://www.naic.org/cis_refined_results.htm?TABLEAU=CIS_FINANCIAL&COCODE=11834&:refresh,AVAILABLE
134,42261,University of Utah Health Insurance Plans,27,False,False,https://uhealthplan.utah.edu/individual/claims,https://ratereview.healthcare.gov/,https://www.naic.org/cis_refined_results.htm?TABLEAU=CIS_FINANCIAL&COCODE=15648&:refresh,AVAILABLE
135,42326,"MOLINA HEALTHCARE OF SOUTH CAROLINA, INC",23,False,False,https://www.molinamarketplace.com/marketplace/sc/en-us/FAQ.aspx,https://ratereview.healthcare.gov/,https://www.naic.org/cis_refined_results.htm?TABLEAU=CIS_FINANCIAL&COCODE=15329&:refresh,AVAILABLE
136,42757,BEST Life and Health Insurance Company,27,False,True,https://www.bestlife.com/UT/index.html,https://ratereview.healthcare.gov/,https://www.naic.org/cis_refined_results.htm?TABLEAU=CIS_FINANCIAL&COCODE=90638&:refresh,AVAILABLE
137,43274,"Solstice Benefits, Inc.",6,False,True,https://www.solsticecare.com/claimsFaq.aspx,https://ratereview.healthcare.gov/,https://www.naic.org/cis_refined_results.htm?TABLEAU=CIS_FINANCIAL&COCODE=12341&:refresh,AVAILABLE
138,43433,"DentaQuest USA Insurance Company, Inc.",9,False,True,https://www.dentaquest.com/en/members/marketplace/transparency-in-coverage,https://ratereview.healthcare.gov/,https://www.naic.org/cis_refined_results.htm?TABLEAU=CIS_FINANCIAL&COCODE=12307&:refresh,AVAILABLE
139,43490,Oscar Insurance Company,10,False,False,https://hioscar.com/ks_tic_2026,https://ratereview.healthcare.gov/,https://www.naic.org/cis_refined_results.htm?TABLEAU=CIS_FINANCIAL&COCODE=15777&:refresh,AVAILABLE
140,43512,"Dominion Dental Services, Inc.",13,False,True,https://www.dominionnational.com/wps/wcm/connect/prodnws.dominionnational.com-30097/a166049e-f578-4b90-8fda-60f3bf81a047/PY2026+Transparency+in+Coverage+Policy.pdf?MOD=AJPERES&CVID=pstswnr,https://ratereview.healthcare.gov/,,MISSING_URL
141,43878,"DentaQuest USA Insurance Company, Inc.",25,False,True,https://www.dentaquest.com/en/members/marketplace/transparency-in-coverage,https://ratereview.healthcare.gov/,https://www.naic.org/cis_refined_results.htm?TABLEAU=CIS_FINANCIAL&COCODE=12307&:refresh,AVAILABLE
142,44228,Simply Healthcare Plans Inc dba Wellpoint Florida Inc,6,True,False,https://www.wellpoint.com/notices/transparency-in-coverage,https://ratereview.healthcare.gov/,https://www.naic.org/cis_refined_results.htm?TABLEAU=CIS_FINANCIAL&COCODE=13726&:refresh,AVAILABLE
143,44346,"Educators Health Plans Life, Accident, and Health,",20,False,True,https://emihealth.com/Policies/OhioDental,https://ratereview.healthcare.gov/,https://www.naic.org/cis_refined_results.htm?TABLEAU=CIS_FINANCIAL&COCODE=12515&:refresh,AVAILABLE
144,44580,Humana Insurance Company,2,False,True,https://www.humana.com/member/plain-language-policy,https://ratereview.healthcare.gov/,https://www.naic.org/cis_refined_results.htm?TABLEAU=CIS_FINANCIAL&COCODE=73288&:refresh,AVAILABLE
145,44965,"Humana Health Benefit Plan of Louisiana, Inc.",11,False,True,https://www.humana.com/member/plain-language-policy,https://ratereview.healthcare.gov/,https://www.naic.org/cis_refined_results.htm?TABLEAU=CIS_FINANCIAL&COCODE=95642&:refresh,AVAILABLE
146,45480,"UnitedHealthcare of Oklahoma, Inc.",21,False,False,https://www.uhc.com/transparency,https://ratereview.healthcare.gov/,https://www.naic.org/cis_refined_results.htm?TABLEAU=CIS_FINANCIAL&COCODE=96903&:refresh,AVAILABLE
147,45550,Delta Dental of Nebraska,18,False,True,https://www.deltadentalne.org/transparency-in-coverage,https://ratereview.healthcare.gov/,https://www.naic.org/cis_refined_results.htm?TABLEAU=CIS_FINANCIAL&COCODE=47091&:refresh,AVAILABLE
148,45786,"Molina Healthcare of Texas, Inc.",26,False,False,https://www.molinamarketplace.com/marketplace/tx/en-us/FAQ.aspx,https://ratereview.healthcare.gov/,,MISSING_URL
149,45819,Oscar Insurance Company,8,False,False,https://hioscar.com/ia_tic_2026,https://ratereview.healthcare.gov/,https://www.naic.org/cis_refined_results.htm?TABLEAU=CIS_FINANCIAL&COCODE=15777&:refresh,AVAILABLE
150,45845,Oscar Insurance Corporation of Ohio,20,False,False,https://hioscar.com/ohc_tic_2026,https://ratereview.healthcare.gov/,https://www.naic.org/cis_refined_results.htm?TABLEAU=CIS_FINANCIAL&COCODE=16202&:refresh,AVAILABLE
151,46082,Hawaii Dental Service,7,False,True,https://www.hawaiidentalservice.com/members/marketplace,https://ratereview.healthcare.gov/,,MISSING_URL
152,46363,"Educators Health Plans Life, Accident, and Health, Inc",2,False,True,https://emihealth.com/Policies/AlabamaDental,https://ratereview.healthcare.gov/,,MISSING_URL
153,46944,Blue Cross and Blue Shield of Alabama,2,False,False,https://www.bcbsal.org/web/public/portal/claims-payment-policy-other-information.html,https://ratereview.healthcare.gov/,https://www.naic.org/cis_refined_results.htm?TABLEAU=CIS_FINANCIAL&COCODE=55433&:refresh,AVAILABLE
154,46958,Humana Insurance Company,27,False,True,https://www.humana.com/member/plain-language-policy,https://ratereview.healthcare.gov/,https://www.naic.org/cis_refined_results.htm?TABLEAU=CIS_FINANCIAL&COCODE=73288&:refresh,AVAILABLE
155,47501,Wellpoint Insurance Company,26,True,False,https://www.wellpoint.com/notices/transparency-in-coverage,https://ratereview.healthcare.gov/,https://www.naic.org/cis_refined_results.htm?TABLEAU=CIS_FINANCIAL&COCODE=14078&:refresh,AVAILABLE
156,47509,BEST Life and Health Insurance Company,20,False,True,https://www.bestlife.com/OH/index.html,https://ratereview.healthcare.gov/,https://www.naic.org/cis_refined_results.htm?TABLEAU=CIS_FINANCIAL&COCODE=90638&:refresh,AVAILABLE
157,47665,BEST Life and Health Insurance Company,26,False,True,https://www.bestlife.com/TX/index.html,https://ratereview.healthcare.gov/,https://www.naic.org/cis_refined_results.htm?TABLEAU=CIS_FINANCIAL&COCODE=90638&:refresh,AVAILABLE
158,47731,BEST Life and Health Insurance Company,30,False,True,https://www.bestlife.com/WY/index.html,https://ratereview.healthcare.gov/,https://www.naic.org/cis_refined_results.htm?TABLEAU=CIS_FINANCIAL&COCODE=90638&:refresh,AVAILABLE
159,47840,Medica Central Insurance Company,13,False,False,https://www.medica.com/find-care/select-your-individual-and-family-plan/wfh/legal/business-transparency,https://ratereview.healthcare.gov/,https://www.naic.org/cis_refined_results.htm?TABLEAU=CIS_FINANCIAL&COCODE=16474&:refresh,AVAILABLE
160,47973,Companion Life Insurance Company,23,False,True,https://emihealth.com/Policies/SouthCarolinaDental,https://ratereview.healthcare.gov/,https://www.naic.org/cis_refined_results.htm?TABLEAU=CIS_FINANCIAL&COCODE=77828&:refresh,AVAILABLE
161,48121,Cigna Health and Life Insurance Company,6,False,False,https://www.cigna.com/individuals-families/shop-plans/transparency-in-coverage,https://ratereview.healthcare.gov/,https://www.naic.org/cis_refined_results.htm?TABLEAU=CIS_FINANCIAL&COCODE=67369&:refresh,AVAILABLE
162,48129,Renaissance Life & Health Insurance Company of America,6,False,True,https://renaissancebenefits.com/understanding-your-benefits/affordable-care-act-coverage/,https://ratereview.healthcare.gov/,,MISSING_URL
163,48282,TRUASSURE INSURANCE COMPANY,18,False,True,https://www.truassure.com/aca-plans,https://ratereview.healthcare.gov/,https://www.naic.org/cis_refined_results.htm?TABLEAU=CIS_FINANCIAL&COCODE=92525&:refresh,AVAILABLE
164,48286,"Iowa Total Care, Inc.",8,True,False,https://www.ambetterhealth.com/en/ia/resources/handbooks-forms/transparency-notice-2026,https://ratereview.healthcare.gov/,https://www.naic.org/cis_refined_results.htm?TABLEAU=CIS_FINANCIAL&COCODE=15713&:refresh,AVAILABLE
165,48772,"USAble HMO, Inc.",3,False,False,https://www.arkansasoctave.com/members/individual-and-family/member-rights/transparency-in-coverage,https://ratereview.healthcare.gov/,https://www.naic.org/cis_refined_results.htm?TABLEAU=CIS_FINANCIAL&COCODE=16751&:refresh,AVAILABLE
166,48786,The Guardian Life Insurance Company,13,False,True,https://assets.ctfassets.net/jrhizl9l7csx/3AyKUByHZ9NSjeQMcwn8j8/53ce95a9baee7494befb828f7152268a/Exchange_Transparency_in_Coverage_8.11.25.pdf,https://ratereview.healthcare.gov/,https://www.naic.org/cis_refined_results.htm?TABLEAU=CIS_FINANCIAL&COCODE=64246&:refresh,AVAILABLE
167,48963,Humana Insurance Company,14,False,True,https://www.humana.com/member/plain-language-policy,https://ratereview.healthcare.gov/,https://www.naic.org/cis_refined_results.htm?TABLEAU=CIS_FINANCIAL&COCODE=73288&:refresh,AVAILABLE
168,49004,Centene Venture Company Florida,6,True,False,https://www.ambetterhealth.com/en/fl/resources/handbooks-forms/transparency-notice-2026,https://ratereview.healthcare.gov/,https://www.naic.org/cis_refined_results.htm?TABLEAU=CIS_FINANCIAL&COCODE=16499&:refresh,AVAILABLE
169,49327,Guardian Life Insurance Company of America,14,False,True,https://assets.ctfassets.net/jrhizl9l7csx/3AyKUByHZ9NSjeQMcwn8j8/53ce95a9baee7494befb828f7152268a/Exchange_Transparency_in_Coverage_8.11.25.pdf,https://ratereview.healthcare.gov/,https://www.naic.org/cis_refined_results.htm?TABLEAU=CIS_FINANCIAL&COCODE=64246&:refresh,AVAILABLE
170,49374,Delta Dental Insurance Company,14,False,True,https://www1.deltadentalins.com/individuals-and-families/healthcare-reform-for-individuals/how-your-marketplace-plan-works.html,https://ratereview.healthcare.gov/,,MISSING_URL
171,49714,UnitedHealthcare Insurance Company,30,True,False,https://www.uhc.com/transparency,https://ratereview.healthcare.gov/,https://www.naic.org/cis_refined_results.htm?TABLEAU=CIS_FINANCIAL&COCODE=79413&:refresh,AVAILABLE
172,50022,BEST Life and Health Insurance Company,18,False,True,https://www.bestlife.com/ne/index.html,https://ratereview.healthcare.gov/,https://www.naic.org/cis_refined_results.htm?TABLEAU=CIS_FINANCIAL&COCODE=90638&:refresh,AVAILABLE
173,50305,Wellmark of South Dakota,24,False,False,https://www.wellmark.com/transparency,https://ratereview.healthcare.gov/,https://www.naic.org/cis_refined_results.htm?TABLEAU=CIS_FINANCIAL&COCODE=60128&:refresh,AVAILABLE
174,50328,CareSource West Virginia Co.,29,False,False,https://www.caresource.com/wv/plans/marketplace/plan-documents/general-plan-information/,https://ratereview.healthcare.gov/,https://www.naic.org/cis_refined_results.htm?TABLEAU=CIS_FINANCIAL&COCODE=15728&:refresh,AVAILABLE
175,50730,Guardian Life Insurance Company of America,8,False,True,https://assets.ctfassets.net/jrhizl9l7csx/3AyKUByHZ9NSjeQMcwn8j8/53ce95a9baee7494befb828f7152268a/Exchange_Transparency_in_Coverage_8.11.25.pdf,https://ratereview.healthcare.gov/,https://www.naic.org/cis_refined_results.htm?TABLEAU=CIS_FINANCIAL&COCODE=64246&:refresh,AVAILABLE
176,52664,"Summa Insurance Company, Inc.",20,False,False,https://www.summacare.com/insurance-basics/transparency-in-coverage,https://ratereview.healthcare.gov/,https://www.naic.org/cis_refined_results.htm?TABLEAU=CIS_FINANCIAL&COCODE=10649&:refresh,AVAILABLE
177,53461,Medica Insurance Company,13,False,False,https://www.medica.com/transparency-in-coverage,https://ratereview.healthcare.gov/,https://www.naic.org/cis_refined_results.htm?TABLEAU=CIS_FINANCIAL&COCODE=12459&:refresh,AVAILABLE
178,53613,"Educators Health Plans Life, Accident, and Health, Inc",4,False,True,https://emihealth.com/Policies/ArizonaDental,https://ratereview.healthcare.gov/,https://www.naic.org/cis_refined_results.htm?TABLEAU=CIS_FINANCIAL&COCODE=12515&:refresh,AVAILABLE
179,53901,"Blue Cross and Blue Shield of Arizona, Inc.",4,False,False,https://www.azblue.com/individuals-and-families/resources/aca-plan-information,https://ratereview.healthcare.gov/,https://www.naic.org/cis_refined_results.htm?TABLEAU=CIS_FINANCIAL&COCODE=53589&:refresh,AVAILABLE
180,53932,Celtic Insurance Company,2,False,False,https://www.ambetterhealth.com/en/al/resources/handbooks-forms/transparency-notice-2025,https://ratereview.healthcare.gov/,https://www.naic.org/cis_refined_results.htm?TABLEAU=CIS_FINANCIAL&COCODE=80799&:refresh,AVAILABLE
181,54172,"Molina Healthcare of Florida, Inc",6,False,False,https://www.molinamarketplace.com/marketplace/fl/en-us/FAQ.aspx,https://ratereview.healthcare.gov/,https://www.naic.org/cis_refined_results.htm?TABLEAU=CIS_FINANCIAL&COCODE=13128&:refresh,AVAILABLE
182,54192,"CareSource Indiana, Inc.",9,False,False,https://www.caresource.com/in/plans/marketplace/plan-documents/general-plan-information/,https://ratereview.healthcare.gov/,https://www.naic.org/cis_refined_results.htm?TABLEAU=CIS_FINANCIAL&COCODE=10142&:refresh,AVAILABLE
183,54332,"UnitedHealthcare of North Carolina, Inc",16,False,False,https://www.uhc.com/transparency,https://ratereview.healthcare.gov/,https://www.naic.org/cis_refined_results.htm?TABLEAU=CIS_FINANCIAL&COCODE=95103&:refresh,AVAILABLE
184,55440,The Guardian Life Insurance Company,16,False,True,https://assets.ctfassets.net/jrhizl9l7csx/3AyKUByHZ9NSjeQMcwn8j8/53ce95a9baee7494befb828f7152268a/Exchange_Transparency_in_Coverage_8.11.25.pdf,https://ratereview.healthcare.gov/,https://www.naic.org/cis_refined_results.htm?TABLEAU=CIS_FINANCIAL&COCODE=64246&:refresh,AVAILABLE
185,56503,"Florida Health Care Plan, Inc.",6,False,False,https://www.fhcp.com/documents/for-members/forms/Transparency-in-Coverage.pdf,https://ratereview.healthcare.gov/,,MISSING_URL
186,56610,"UnitedHealthcare Plan of the River Valley, Inc.",8,True,False,https://www.uhc.com/transparency,https://ratereview.healthcare.gov/,https://www.naic.org/cis_refined_results.htm?TABLEAU=CIS_FINANCIAL&COCODE=95378&:refresh,AVAILABLE
187,56707,Providence Health Plan,22,False,False,https://www.providencehealthplan.com/individuals-and-families/understanding-our-claims-and-billing-processes,https://ratereview.healthcare.gov/,https://www.naic.org/cis_refined_results.htm?TABLEAU=CIS_FINANCIAL&COCODE=95005&:refresh,AVAILABLE
188,56726,UnitedHealthcare Insurance Company,20,False,True,https://www.solsticecare.com/claimsFaq.aspx,https://ratereview.healthcare.gov/,https://www.naic.org/cis_refined_results.htm?TABLEAU=CIS_FINANCIAL&COCODE=79413&:refresh,AVAILABLE
189,56766,Cigna Health and Life Insurance Company,14,False,False,https://www.cigna.com/individuals-families/shop-plans/transparency-in-coverage,https://ratereview.healthcare.gov/,https://www.naic.org/cis_refined_results.htm?TABLEAU=CIS_FINANCIAL&COCODE=67369&:refresh,AVAILABLE
190,56891,Delta Dental of North Carolina,16,False,True,https://deltadentalnc.com/members/understand-my-benefits/affordable-care-act-coverage,https://ratereview.healthcare.gov/,,MISSING_URL
191,57424,Oscar Insurance Company,18,False,False,https://hioscar.com/ne_tic_2026,https://ratereview.healthcare.gov/,https://www.naic.org/cis_refined_results.htm?TABLEAU=CIS_FINANCIAL&COCODE=15777&:refresh,AVAILABLE
192,57601,Anthem Health Plans of NH(Anthem BCBS),19,False,False,https://www.anthem.com/ms/claims/home.html,https://ratereview.healthcare.gov/,https://www.naic.org/cis_refined_results.htm?TABLEAU=CIS_FINANCIAL&COCODE=53759&:refresh,AVAILABLE
193,57845,Medica Community Health Plan,28,False,False,https://www.medica.com/transparency-in-coverage,https://ratereview.healthcare.gov/,https://www.naic.org/cis_refined_results.htm?TABLEAU=CIS_FINANCIAL&COCODE=95232&:refresh,AVAILABLE
194,58326,"MercyCare HMO, Inc.",28,False,False,https://www.mercycarehealthplans.com/transparency-in-coverage/,https://ratereview.healthcare.gov/,https://www.naic.org/cis_refined_results.htm?TABLEAU=CIS_FINANCIAL&COCODE=12195&:refresh,AVAILABLE
195,58594,"Meridian Health Plan of Michigan, Inc.",12,False,False,https://www.ambetterhealth.com/en/mi/resources/handbooks-forms/transparency-notice-2026,https://ratereview.healthcare.gov/,,MISSING_URL
196,58609,"DentaQuest USA Insurance Company, Inc.",26,False,True,https://www.dentaquest.com/en/members/marketplace/transparency-in-coverage,https://ratereview.healthcare.gov/,https://www.naic.org/cis_refined_results.htm?TABLEAU=CIS_FINANCIAL&COCODE=12307&:refresh,AVAILABLE
197,58883,"DentaQuest National Insurance Company, Inc.",13,False,True,https://www.dentaquest.com/en/members/marketplace/transparency-in-coverage,https://ratereview.healthcare.gov/,https://www.naic.org/cis_refined_results.htm?TABLEAU=CIS_FINANCIAL&COCODE=67636&:refresh,AVAILABLE
198,58944,"Taro Health Plan of Oklahoma, Inc.",21,False,False,https://static.mending.com/2026/ok/Transparency%20in%20Coverage.pdf,https://ratereview.healthcare.gov/,https://www.naic.org/cis_refined_results.htm?TABLEAU=CIS_FINANCIAL&COCODE=17508&:refresh,AVAILABLE
199,59025,Harvard Pilgrim Health Care of NE,19,False,False,https://www.harvardpilgrim.org/public/transparency,https://ratereview.healthcare.gov/,https://www.naic.org/cis_refined_results.htm?TABLEAU=CIS_FINANCIAL&COCODE=96717&:refresh,AVAILABLE
200,59560,Guardian Life Insurance Company of America,9,False,True,https://assets.ctfassets.net/jrhizl9l7csx/3AyKUByHZ9NSjeQMcwn8j8/53ce95a9baee7494befb828f7152268a/Exchange_Transparency_in_Coverage_8.11.25.pdf,https://ratereview.healthcare.gov/,,MISSING_URL
201,59667,"DentaQuest of Florida, Inc.",6,False,True,https://www.dentaquest.com/en/members/marketplace/transparency-in-coverage,https://ratereview.healthcare.gov/,,MISSING_URL
202,60075,TRUASSURE INSURANCE COMPANY,2,False,True,https://www.truassure.com/aca-plans,https://ratereview.healthcare.gov/,https://www.naic.org/cis_refined_results.htm?TABLEAU=CIS_FINANCIAL&COCODE=92525&:refresh,AVAILABLE
203,60536,"Avera Health Plans, Inc.",24,False,False,https://www.averahealthplans.com/insurance/,https://ratereview.healthcare.gov/,https://www.naic.org/cis_refined_results.htm?TABLEAU=CIS_FINANCIAL&COCODE=95839&:refresh,AVAILABLE
204,60612,"Kaiser Foundation Health Plan, Inc.",7,False,False,https://healthy.kaiserpermanente.org/hawaii/support/transparency-coverage,https://ratereview.healthcare.gov/,https://www.naic.org/cis_refined_results.htm?TABLEAU=CIS_FINANCIAL&COCODE=11538&:refresh,AVAILABLE
205,61214,BEST Life and Health Insurance Company,24,False,True,https://www.bestlife.com/SD/index.html,https://ratereview.healthcare.gov/,https://www.naic.org/cis_refined_results.htm?TABLEAU=CIS_FINANCIAL&COCODE=90638&:refresh,AVAILABLE
206,61315,TRUASSURE INSURANCE COMPANY,26,False,True,https://www.truassure.com/aca-plans,https://ratereview.healthcare.gov/,https://www.naic.org/cis_refined_results.htm?TABLEAU=CIS_FINANCIAL&COCODE=92525&:refresh,AVAILABLE
207,61779,Guardian Life Insurance Company of America,10,False,True,https://assets.ctfassets.net/jrhizl9l7csx/3AyKUByHZ9NSjeQMcwn8j8/53ce95a9baee7494befb828f7152268a/Exchange_Transparency_in_Coverage_8.11.25.pdf,https://ratereview.healthcare.gov/,https://www.naic.org/cis_refined_results.htm?TABLEAU=CIS_FINANCIAL&COCODE=64246&:refresh,AVAILABLE
208,62141,Celtic Insurance Company,3,False,False,https://www.ambetterhealth.com/en/ar/resources/handbooks-forms/transparency-notice-2026,https://ratereview.healthcare.gov/,https://www.naic.org/cis_refined_results.htm?TABLEAU=CIS_FINANCIAL&COCODE=80799&:refresh,AVAILABLE
209,62294,Humana Insurance Company,12,False,True,https://www.humana.com/member/plain-language-policy,https://ratereview.healthcare.gov/,https://www.naic.org/cis_refined_results.htm?TABLEAU=CIS_FINANCIAL&COCODE=73288&:refresh,AVAILABLE
210,62505,Celtic Insurance Company,21,False,False,https://www.ambetterhealth.com/en/ok/resources/handbooks-forms/transparency-notice-2026,https://ratereview.healthcare.gov/,https://www.naic.org/cis_refined_results.htm?TABLEAU=CIS_FINANCIAL&COCODE=80799&:refresh,AVAILABLE
211,62818,Guardian Life Insurance Company of America,15,False,True,https://assets.ctfassets.net/jrhizl9l7csx/3AyKUByHZ9NSjeQMcwn8j8/53ce95a9baee7494befb828f7152268a/Exchange_Transparency_in_Coverage_8.11.25.pdf,https://ratereview.healthcare.gov/,,MISSING_URL
212,63141,Humana Insurance Company,26,False,True,https://www.humana.com/member/plain-language-policy,https://ratereview.healthcare.gov/,https://www.naic.org/cis_refined_results.htm?TABLEAU=CIS_FINANCIAL&COCODE=73288&:refresh,AVAILABLE
213,63251,Community First Insurance Plans,26,False,False,https://exchange.communityfirsthealthplans.com/transparency-in-coverage/,https://ratereview.healthcare.gov/,https://www.naic.org/cis_refined_results.htm?TABLEAU=CIS_FINANCIAL&COCODE=11143&:refresh,AVAILABLE
214,63366,Delta Dental of Iowa,8,False,True,https://www.deltadentalia.com/aca/aptc/,https://ratereview.healthcare.gov/,https://www.naic.org/cis_refined_results.htm?TABLEAU=CIS_FINANCIAL&COCODE=55786&:refresh,AVAILABLE
215,63474,BridgeSpan Health Company,22,False,False,https://www.bridgespan.com/member/terms-of-use/transparency-in-coverage,https://ratereview.healthcare.gov/,https://www.naic.org/cis_refined_results.htm?TABLEAU=CIS_FINANCIAL&COCODE=95303&:refresh,AVAILABLE
216,63631,UnitedHealthcare Insurance Company,12,False,True,https://www.solsticecare.com/claimsFaq.aspx,https://ratereview.healthcare.gov/,https://www.naic.org/cis_refined_results.htm?TABLEAU=CIS_FINANCIAL&COCODE=79413&:refresh,AVAILABLE
217,63790,BEST Life and Health Insurance Company,10,False,True,https://www.bestlife.com/ks/index.html,https://ratereview.healthcare.gov/,https://www.naic.org/cis_refined_results.htm?TABLEAU=CIS_FINANCIAL&COCODE=90638&:refresh,AVAILABLE
218,64004,Celtic Insurance Company,5,False,False,https://www.ambetterhealth.com/en/de/resources/handbooks-forms/transparency-notice-2026,https://ratereview.healthcare.gov/,https://www.naic.org/cis_refined_results.htm?TABLEAU=CIS_FINANCIAL&COCODE=80799&:refresh,AVAILABLE
219,64353,"Molina Healthcare of Ohio, Inc.",20,False,False,https://www.molinamarketplace.com/marketplace/oh/en-us/FAQ.aspx,https://ratereview.healthcare.gov/,https://www.naic.org/cis_refined_results.htm?TABLEAU=CIS_FINANCIAL&COCODE=12334&:refresh,AVAILABLE
220,65736,"Dominion Dental Services, Inc.",28,False,True,https://www.dominionnational.com/wps/wcm/connect/prodnws.dominionnational.com-30097/74db946e-43a9-454d-a02b-27859938f5e8/PY2023+Transparency+in+Coverage+Policy_Final.pdf?MOD=AJPERES&CONVERT_TO=url&CACHEID=ROOTWORKSPACE.Z18_4G00HA41L84V20QEHJUBR820G1-74db946e-43a9-454d-a02b-27859938f5e8-ow5N870,https://ratereview.healthcare.gov/,https://www.naic.org/cis_refined_results.htm?TABLEAU=CIS_FINANCIAL&COCODE=95657&:refresh,AVAILABLE
221,66105,Humana Insurance Company,4,False,True,https://www.humana.com/member/plain-language-policy,https://ratereview.healthcare.gov/,https://www.naic.org/cis_refined_results.htm?TABLEAU=CIS_FINANCIAL&COCODE=73288&:refresh,AVAILABLE
222,66252,CHRISTUS Health Plan,26,False,False,https://www.christushealthplan.org/member-resources/transparency-in-coverage,https://ratereview.healthcare.gov/,https://www.naic.org/cis_refined_results.htm?TABLEAU=CIS_FINANCIAL&COCODE=14154&:refresh,AVAILABLE
223,66587,Guardian Life Insurance Company of America,12,False,True,https://assets.ctfassets.net/jrhizl9l7csx/3AyKUByHZ9NSjeQMcwn8j8/53ce95a9baee7494befb828f7152268a/Exchange_Transparency_in_Coverage_8.11.25.pdf,https://ratereview.healthcare.gov/,,MISSING_URL
224,66759,"Dominion Dental Services, Inc.",16,False,True,https://www.dominionnational.com/wps/wcm/connect/prodnws.dominionnational.com-30097/74db946e-43a9-454d-a02b-27859938f5e8/PY2023+Transparency+in+Coverage+Policy_Final.pdf?MOD=AJPERES&CONVERT_TO=url&CACHEID=ROOTWORKSPACE.Z18_4G00HA41L84V20QEHJUBR820G1-74db946e-43a9-454d-a02b-27859938f5e8-ow5N870,https://ratereview.healthcare.gov/,https://www.naic.org/cis_refined_results.htm?TABLEAU=CIS_FINANCIAL&COCODE=95657&:refresh,AVAILABLE
225,66966,Capital Health Plan,6,False,False,https://capitalhealth.com/legal/transparency-in-coverage/,https://ratereview.healthcare.gov/,https://www.naic.org/cis_refined_results.htm?TABLEAU=CIS_FINANCIAL&COCODE=95112&:refresh,AVAILABLE
226,67775,"Dominion Dental Services, Inc.",5,False,True,https://www.dominionnational.com/wps/wcm/connect/prodnws.dominionnational.com-30097/a166049e-f578-4b90-8fda-60f3bf81a047/PY2026+Transparency+in+Coverage+Policy.pdf?MOD=AJPERES&CVID=pstswnr,https://ratereview.healthcare.gov/,,MISSING_URL
227,67926,"AmeriHealth Caritas Florida, Inc.",6,False,False,https://www.amerihealthcaritasnext.com/fl/transparency-in-coverage-2026.aspx,https://ratereview.healthcare.gov/,https://www.naic.org/cis_refined_results.htm?TABLEAU=CIS_FINANCIAL&COCODE=14378&:refresh,AVAILABLE
228,68158,The Guardian Life Insurance Company,20,False,True,https://assets.ctfassets.net/jrhizl9l7csx/3AyKUByHZ9NSjeQMcwn8j8/53ce95a9baee7494befb828f7152268a/Exchange_Transparency_in_Coverage_8.11.25.pdf,https://ratereview.healthcare.gov/,,MISSING_URL
229,68398,"UnitedHealthcare of Florida, Inc.",6,False,False,https://www.uhc.com/transparency,https://ratereview.healthcare.gov/,https://www.naic.org/cis_refined_results.htm?TABLEAU=CIS_FINANCIAL&COCODE=95264&:refresh,AVAILABLE
230,68420,Dentegra Insurance Company,22,False,True,https://www.dentegra.com/for-members/use-your-plan/know-your-health-care-exchange-plan.html,https://ratereview.healthcare.gov/,https://www.naic.org/cis_refined_results.htm?TABLEAU=CIS_FINANCIAL&COCODE=73474&:refresh,AVAILABLE
231,68445,"Antidote Health Plan of Arizona, Inc.",4,True,False,https://www.antidotehealth.com/legal/transparency-in-coverage,https://ratereview.healthcare.gov/,https://www.naic.org/cis_refined_results.htm?TABLEAU=CIS_FINANCIAL&COCODE=17404&:refresh,AVAILABLE
232,68781,"SelectHealth, Inc.",27,False,False,https://selecthealth.org/resources,https://ratereview.healthcare.gov/,https://www.naic.org/cis_refined_results.htm?TABLEAU=CIS_FINANCIAL&COCODE=95153&:refresh,AVAILABLE
233,69380,Companion Life Insurance Company,28,False,True,https://emihealth.com/Policies/WisconsinDental,https://ratereview.healthcare.gov/,https://www.naic.org/cis_refined_results.htm?TABLEAU=CIS_FINANCIAL&COCODE=77828&:refresh,AVAILABLE
234,69443,UnitedHealthcare Insurance Company,25,False,False,https://www.uhc.com/transparency,https://ratereview.healthcare.gov/,https://www.naic.org/cis_refined_results.htm?TABLEAU=CIS_FINANCIAL&COCODE=79413&:refresh,AVAILABLE
235,69461,UnitedHealthcare Insurance Company,2,False,False,https://www.uhc.com/transparency,https://ratereview.healthcare.gov/,https://www.naic.org/cis_refined_results.htm?TABLEAU=CIS_FINANCIAL&COCODE=79413&:refresh,AVAILABLE
236,69512,Oscar Insurance Company,13,False,False,https://hioscar.com/mo_tic_2026,https://ratereview.healthcare.gov/,https://www.naic.org/cis_refined_results.htm?TABLEAU=CIS_FINANCIAL&COCODE=15777&:refresh,AVAILABLE
237,69589,Guardian Life Insurance Company of America,28,False,True,https://assets.ctfassets.net/jrhizl9l7csx/3AyKUByHZ9NSjeQMcwn8j8/53ce95a9baee7494befb828f7152268a/Exchange_Transparency_in_Coverage_8.11.25.pdf,https://ratereview.healthcare.gov/,https://www.naic.org/cis_refined_results.htm?TABLEAU=CIS_FINANCIAL&COCODE=64246&:refresh,AVAILABLE
238,69803,"Oscar Health Plan of North Carolina, Inc",16,False,False,https://hioscar.com/nc_tic_2026,https://ratereview.healthcare.gov/,https://www.naic.org/cis_refined_results.htm?TABLEAU=CIS_FINANCIAL&COCODE=16852&:refresh,AVAILABLE
239,69842,UnitedHealthcare Insurance Company,11,False,False,https://www.uhc.com/transparency,https://ratereview.healthcare.gov/,https://www.naic.org/cis_refined_results.htm?TABLEAU=CIS_FINANCIAL&COCODE=79413&:refresh,AVAILABLE
240,70111,Celtic Insurance Company,25,False,False,https://www.ambetterhealth.com/en/tn/resources/handbooks-forms/transparency-notice-2026,https://ratereview.healthcare.gov/,https://www.naic.org/cis_refined_results.htm?TABLEAU=CIS_FINANCIAL&COCODE=80799&:refresh,AVAILABLE
241,70455,"Dominion Dental Services, Inc.",20,False,True,https://www.dominionnational.com/wps/wcm/connect/prodnws.dominionnational.com-30097/a166049e-f578-4b90-8fda-60f3bf81a047/PY2026+Transparency+in+Coverage+Policy.pdf?MOD=AJPERES&CVID=pstswnr,https://ratereview.healthcare.gov/,https://content.naic.org/cis_refined_results.htm?TABLEAU=CIS_FINANCIAL&COCODE=95657&:refresh,AVAILABLE
242,70525,"QCA Health Plan, Inc.",3,False,False,https://www.ambetterhealth.com/en/ar/resources/handbooks-forms/transparency-notice-2026,https://ratereview.healthcare.gov/,https://www.naic.org/cis_refined_results.htm?TABLEAU=CIS_FINANCIAL&COCODE=95448&:refresh,AVAILABLE
243,70754,"UnitedHealthcare Benefits of Texas, Inc.",26,True,False,https://www.uhc.com/transparency,https://ratereview.healthcare.gov/,https://www.naic.org/cis_refined_results.htm?TABLEAU=CIS_FINANCIAL&COCODE=95174&:refresh,AVAILABLE
244,71051,BEST Life and Health Insurance Company,8,False,True,https://www.bestlife.com/IA/index.html,https://ratereview.healthcare.gov/,https://www.naic.org/cis_refined_results.htm?TABLEAU=CIS_FINANCIAL&COCODE=90638&:refresh,AVAILABLE
245,71246,Delta Dental Insurance Company,27,False,True,https://www1.deltadentalins.com/individuals-and-families/healthcare-reform-for-individuals/how-your-marketplace-plan-works.html,https://ratereview.healthcare.gov/,,MISSING_URL
246,71287,Kaiser Foundation Healthplan of the NW,22,False,False,https://healthy.kaiserpermanente.org/oregon-washington/support/transparency-coverage,https://ratereview.healthcare.gov/,https://www.naic.org/cis_refined_results.htm?TABLEAU=CIS_FINANCIAL&COCODE=95540&:refresh,AVAILABLE
247,71667,"UnitedHealthcare Community Plan, Inc.",12,False,False,https://www.uhc.com/transparency,https://ratereview.healthcare.gov/,https://www.naic.org/cis_refined_results.htm?TABLEAU=CIS_FINANCIAL&COCODE=95467&:refresh,AVAILABLE
248,71788,Delta Dental Insurance Company,15,False,True,https://www1.deltadentalins.com/individuals-and-families/healthcare-reform-for-individuals/how-your-marketplace-plan-works.html,https://ratereview.healthcare.gov/,,MISSING_URL
249,71837,"Sendero Health Plans, Inc.",26,False,False,https://senderohealth.com/transparency_in_coverage,https://ratereview.healthcare.gov/,https://www.naic.org/cis_refined_results.htm?TABLEAU=CIS_FINANCIAL&COCODE=14151&:refresh,AVAILABLE
250,72760,"AmeriHealth Caritas VIP Next, Inc.",5,False,False,https://www.amerihealthcaritasnext.com/de/transparency-in-coverage-2026.aspx,https://ratereview.healthcare.gov/,https://www.naic.org/cis_refined_results.htm?TABLEAU=CIS_FINANCIAL&COCODE=17293&:refresh,AVAILABLE
251,72850,UnitedHealthcare Insurance Company,9,True,False,https://www.uhc.com/transparency,https://ratereview.healthcare.gov/,https://www.naic.org/cis_refined_results.htm?TABLEAU=CIS_FINANCIAL&COCODE=79413&:refresh,AVAILABLE
252,72953,Renaissance Life & Health Insurance Company of America,19,False,True,https://renaissancebenefits.com/understanding-your-benefits/affordable-care-act-coverage/,https://ratereview.healthcare.gov/,,MISSING_URL
253,73102,UnitedHealthcare Insurance Company,18,True,False,https://www.uhc.com/transparency,https://ratereview.healthcare.gov/,https://www.naic.org/cis_refined_results.htm?TABLEAU=CIS_FINANCIAL&COCODE=79413&:refresh,AVAILABLE
254,73107,Select Health of South Carolina,23,False,False,https://www.firstchoicenext.com/transparency-in-coverage-2026.aspx,https://ratereview.healthcare.gov/,https://www.naic.org/cis_refined_results.htm?TABLEAU=CIS_FINANCIAL&COCODE=95458&:refresh,AVAILABLE
255,73751,Medica Health Plans,17,False,False,https://www.medica.com/transparency-in-coverage,https://ratereview.healthcare.gov/,,MISSING_URL
256,73836,"Moda Health Plan, Inc.",1,False,False,https://www.modahealth.com/members/transparency.shtml?state=ak,https://ratereview.healthcare.gov/,https://www.naic.org/cis_refined_results.htm?TABLEAU=CIS_FINANCIAL&COCODE=47098&:refresh,AVAILABLE
257,73943,"Cigna HealthCare of North Carolina, Inc.",16,False,False,https://www.cigna.com/individuals-families/shop-plans/transparency-in-coverage,https://ratereview.healthcare.gov/,https://www.naic.org/cis_refined_results.htm?TABLEAU=CIS_FINANCIAL&COCODE=95132&:refresh,AVAILABLE
258,74243,"Dominion Dental Services, Inc.",6,False,True,https://www.dominionnational.com/wps/wcm/connect/prodnws.dominionnational.com-30097/a166049e-f578-4b90-8fda-60f3bf81a047/PY2026+Transparency+in+Coverage+Policy.pdf?MOD=AJPERES&CVID=pstswnr,https://ratereview.healthcare.gov/,https://content.naic.org/cis_refined_results.htm?TABLEAU=CIS_FINANCIAL&COCODE=95657&:refresh,AVAILABLE
259,74313,Paramount Insurance Company,20,False,False,https://www.paramounthealthcare.com/plans/marketplace/transparency,https://ratereview.healthcare.gov/,https://www.naic.org/cis_refined_results.htm?TABLEAU=CIS_FINANCIAL&COCODE=11518&:refresh,AVAILABLE
260,74819,BEST Life and Health Insurance Company,1,False,True,https://www.bestlife.com/AK/index.html,https://ratereview.healthcare.gov/,https://www.naic.org/cis_refined_results.htm?TABLEAU=CIS_FINANCIAL&COCODE=90638&:refresh,AVAILABLE
261,74917,McLaren Health Plan Community,12,False,False,https://www.mclarenhealthplan.org/mclaren-health-plan/claims-payment-information-mhp,https://ratereview.healthcare.gov/,https://www.naic.org/cis_refined_results.htm?TABLEAU=CIS_FINANCIAL&COCODE=14217&:refresh,AVAILABLE
262,74980,"Avera Health Plans, Inc.",8,True,False,https://www.averahealthplans.com/insurance/,https://ratereview.healthcare.gov/,https://content.naic.org/cis_refined_results.htm?TABLEAU=CIS_FINANCIAL&COCODE=95839&:refresh,AVAILABLE
263,75293,USAble Mutual Insurance Company,3,False,False,https://www.arkansasbluecross.com/members/individual-and-family/member-rights/transparency-in-coverage,https://ratereview.healthcare.gov/,https://www.naic.org/cis_refined_results.htm?TABLEAU=CIS_FINANCIAL&COCODE=83470&:refresh,AVAILABLE
264,75329,BEST Life and Health Insurance Company,17,False,True,https://www.bestlife.com/ND/index.html,https://ratereview.healthcare.gov/,https://www.naic.org/cis_refined_results.htm?TABLEAU=CIS_FINANCIAL&COCODE=90638&:refresh,AVAILABLE
265,75841,Celtic Insurance Company,19,False,False,https://www.ambetterhealth.com/en/nh/resources/handbooks-forms/transparency-notice-2025/,https://ratereview.healthcare.gov/,https://www.naic.org/cis_refined_results.htm?TABLEAU=CIS_FINANCIAL&COCODE=80799&:refresh,AVAILABLE
266,76168,Highmark BCBSD Inc.,5,False,False,https://www.highmark.com/transparency-in-coverage,https://ratereview.healthcare.gov/,https://www.naic.org/cis_refined_results.htm?TABLEAU=CIS_FINANCIAL&COCODE=53287&:refresh,AVAILABLE
267,76526,Delta Dental of West Virginia,29,False,True,https://www1.deltadentalins.com/individuals-and-families/healthcare-reform-for-individuals/how-your-marketplace-plan-works.html,https://ratereview.healthcare.gov/,,MISSING_URL
268,76589,"Cigna HealthCare of Texas, Inc.",26,False,False,https://www.cigna.com/ifp-transparency,https://ratereview.healthcare.gov/,https://www.naic.org/cis_refined_results.htm?TABLEAU=CIS_FINANCIAL&COCODE=95383&:refresh,AVAILABLE
269,77264,Ambetter of North Carolina Inc.,16,False,False,https://www.ambetterhealth.com/en/nc/resources/handbooks-forms/transparency-notice-2026,https://ratereview.healthcare.gov/,https://www.naic.org/cis_refined_results.htm?TABLEAU=CIS_FINANCIAL&COCODE=16395&:refresh,AVAILABLE
270,77352,BEST Life and Health Insurance Company,4,False,True,https://www.bestlife.com/AZ/index.html,https://ratereview.healthcare.gov/,https://www.naic.org/cis_refined_results.htm?TABLEAU=CIS_FINANCIAL&COCODE=90638&:refresh,AVAILABLE
271,77552,"CareSource Ohio, Inc.",20,False,False,https://www.caresource.com/oh/plans/marketplace/plan-documents/general-plan-information/,https://ratereview.healthcare.gov/,https://www.naic.org/cis_refined_results.htm?TABLEAU=CIS_FINANCIAL&COCODE=95201&:refresh,AVAILABLE
272,77739,Oscar Insurance Company,12,False,False,https://hioscar.com/mi_tic_2026,https://ratereview.healthcare.gov/,https://www.naic.org/cis_refined_results.htm?TABLEAU=CIS_FINANCIAL&COCODE=15777&:refresh,AVAILABLE
273,77969,Regence BlueCross BlueShield of Oregon,22,False,False,https://www.regence.com/member/terms-of-use/transparency-in-coverage,https://ratereview.healthcare.gov/,https://www.naic.org/cis_refined_results.htm?TABLEAU=CIS_FINANCIAL&COCODE=54933&:refresh,AVAILABLE
274,78461,BEST Life and Health Insurance Company,11,False,True,https://www.bestlife.com/la/index.html,https://ratereview.healthcare.gov/,https://www.naic.org/cis_refined_results.htm?TABLEAU=CIS_FINANCIAL&COCODE=90638&:refresh,AVAILABLE
275,79222,"Absolute Total Care, Inc",23,False,False,https://www.ambetterhealth.com/en/sc/resources/handbooks-forms/transparency-notice-2026,https://ratereview.healthcare.gov/,https://www.naic.org/cis_refined_results.htm?TABLEAU=CIS_FINANCIAL&COCODE=12959&:refresh,AVAILABLE
276,79475,Compcare Health Serv Ins Co(Anthem BCBS),28,False,False,https://www.anthem.com/ms/claims/home.html,https://ratereview.healthcare.gov/,https://www.naic.org/cis_refined_results.htm?TABLEAU=CIS_FINANCIAL&COCODE=95693&:refresh,AVAILABLE
277,79597,"Delta Dental of Wisconsin, Inc.",28,False,True,https://www.deltadentalwi.com/s/transparency-in-coverage,https://ratereview.healthcare.gov/,https://www.naic.org/cis_refined_results.htm?TABLEAU=CIS_FINANCIAL&COCODE=54046&:refresh,AVAILABLE
278,79850,"Cigna HealthCare of Florida, Inc.",6,True,False,https://www.cigna.com/individuals-families/shop-plans/transparency-in-coverage,https://ratereview.healthcare.gov/,https://content.naic.org/cis_refined_results.htm?TABLEAU=CIS_FINANCIAL&COCODE=95136&:refresh,AVAILABLE
279,79975,"Molina Healthcare of Mississippi, Inc",14,False,False,https://www.molinamarketplace.com/marketplace/ms/en-us/FAQ.aspx,https://ratereview.healthcare.gov/,,MISSING_URL
280,80132,Renaissance Life & Health Insurance Company of America,30,False,True,https://renaissancebenefits.com/understanding-your-benefits/affordable-care-act-coverage/,https://ratereview.healthcare.gov/,,MISSING_URL
281,80180,"UnitedHealthcare of Wisconsin, Inc.",28,False,False,https://www.uhc.com/transparency,https://ratereview.healthcare.gov/,https://www.naic.org/cis_refined_results.htm?TABLEAU=CIS_FINANCIAL&COCODE=95710&:refresh,AVAILABLE
282,81413,Network Health Plan,28,False,False,https://networkhealth.com/employer/transparency,https://ratereview.healthcare.gov/,https://www.naic.org/cis_refined_results.htm?TABLEAU=CIS_FINANCIAL&COCODE=95737&:refresh,AVAILABLE
283,81457,Guardian Life Insurance Company of America,21,False,True,https://assets.ctfassets.net/jrhizl9l7csx/3AyKUByHZ9NSjeQMcwn8j8/53ce95a9baee7494befb828f7152268a/Exchange_Transparency_in_Coverage_8.11.25.pdf,https://ratereview.healthcare.gov/,,MISSING_URL
284,82011,UnitedHealthcare Insurance Company,4,False,True,https://www.solsticecare.com/claimsFaq.aspx,https://ratereview.healthcare.gov/,https://www.naic.org/cis_refined_results.htm?TABLEAU=CIS_FINANCIAL&COCODE=79413&:refresh,AVAILABLE
285,82120,Humana Insurance Company,25,False,True,https://www.humana.com/member/plain-language-policy,https://ratereview.healthcare.gov/,https://www.naic.org/cis_refined_results.htm?TABLEAU=CIS_FINANCIAL&COCODE=73288&:refresh,AVAILABLE
286,82285,Delta Dental Insurance Company,2,False,True,https://www1.deltadentalins.com/individuals-and-families/healthcare-reform-for-individuals/how-your-marketplace-plan-works.html,https://ratereview.healthcare.gov/,,MISSING_URL
287,82612,TRUASSURE INSURANCE COMPANY,16,False,True,https://www.truassure.com/aca-plans,https://ratereview.healthcare.gov/,https://www.naic.org/cis_refined_results.htm?TABLEAU=CIS_FINANCIAL&COCODE=92525&:refresh,AVAILABLE
288,82905,TRUASSURE INSURANCE COMPANY,13,False,True,https://www.truassure.com/aca-plans,https://ratereview.healthcare.gov/,https://www.naic.org/cis_refined_results.htm?TABLEAU=CIS_FINANCIAL&COCODE=92525&:refresh,AVAILABLE
289,83557,BEST Life and Health Insurance Company,9,False,True,https://www.bestlife.com/IN/index.html,https://ratereview.healthcare.gov/,https://www.naic.org/cis_refined_results.htm?TABLEAU=CIS_FINANCIAL&COCODE=90638&:refresh,AVAILABLE
290,84254,Renaissance Life & Health Insurance Company of America,14,False,True,https://renaissancebenefits.com/understanding-your-benefits/affordable-care-act-coverage/,https://ratereview.healthcare.gov/,,MISSING_URL
291,84939,The Guardian Life Insurance Company,23,False,True,https://assets.ctfassets.net/jrhizl9l7csx/3AyKUByHZ9NSjeQMcwn8j8/53ce95a9baee7494befb828f7152268a/Exchange_Transparency_in_Coverage_8.11.25.pdf,https://ratereview.healthcare.gov/,https://www.naic.org/cis_refined_results.htm?TABLEAU=CIS_FINANCIAL&COCODE=64246&:refresh,AVAILABLE
292,85533,"Imperial Insurance Companies, Inc.",4,False,False,https://exchange.imperialhealthplan.com/transparency-in-coverage/,https://ratereview.healthcare.gov/,https://www.naic.org/cis_refined_results.htm?TABLEAU=CIS_FINANCIAL&COCODE=16348&:refresh,AVAILABLE
293,86382,Sunshine State Health Plan,6,False,False,https://www.ambetterhealth.com/en/fl/resources/handbooks-forms/transparency-notice-2026,https://ratereview.healthcare.gov/,https://www.naic.org/cis_refined_results.htm?TABLEAU=CIS_FINANCIAL&COCODE=13148&:refresh,AVAILABLE
294,86584,"Aspirus Health Plan, Inc.",28,False,False,https://www.aspirushealthplan.com/insurance/transparencyInCoverage/,https://ratereview.healthcare.gov/,https://www.naic.org/cis_refined_results.htm?TABLEAU=CIS_FINANCIAL&COCODE=15926&:refresh,AVAILABLE
295,86728,"Delta Dental Plan of Ohio, Inc.",20,False,True,https://www.deltadentaloh.com/Member/Using-Your-Benefits/Affordable-Care-Act,https://ratereview.healthcare.gov/,,MISSING_URL
296,86830,Cigna Health and Life Insurance Company,4,False,True,https://www.cigna.com/individuals-families/shop-plans/transparency-in-coverage,https://ratereview.healthcare.gov/,https://www.naic.org/cis_refined_results.htm?TABLEAU=CIS_FINANCIAL&COCODE=67369&:refresh,AVAILABLE
297,87169,Renaissance Life & Health Insurance Company of America,27,False,True,https://renaissancebenefits.com/understanding-your-benefits/affordable-care-act-coverage/,https://ratereview.healthcare.gov/,https://www.naic.org/cis_refined_results.htm?TABLEAU=CIS_FINANCIAL&COCODE=61700&:refresh,AVAILABLE
298,87226,Superior Health Plan,26,False,False,https://www.ambetterhealth.com/en/tx/resources/handbooks-forms/2026-transparency-notice-tx-hmo,https://ratereview.healthcare.gov/,https://www.naic.org/cis_refined_results.htm?TABLEAU=CIS_FINANCIAL&COCODE=95647&:refresh,AVAILABLE
299,87390,Guardian Life Insurance Company of America,11,False,True,https://assets.ctfassets.net/jrhizl9l7csx/3AyKUByHZ9NSjeQMcwn8j8/53ce95a9baee7494befb828f7152268a/Exchange_Transparency_in_Coverage_8.11.25.pdf,https://ratereview.healthcare.gov/,https://www.naic.org/cis_refined_results.htm?TABLEAU=CIS_FINANCIAL&COCODE=64246&:refresh,AVAILABLE
300,87416,Common Ground Healthcare Cooperative,28,False,False,https://www.caresource.com/wi/plans/marketplace/plan-documents/general-plan-information/,https://ratereview.healthcare.gov/,https://www.naic.org/cis_refined_results.htm?TABLEAU=CIS_FINANCIAL&COCODE=15061&:refresh,AVAILABLE
301,87417,TRUASSURE INSURANCE COMPANY,9,False,True,https://www.truassure.com/aca-plans,https://ratereview.healthcare.gov/,https://www.naic.org/cis_refined_results.htm?TABLEAU=CIS_FINANCIAL&COCODE=92525&:refresh,AVAILABLE
302,87571,Blue Cross Blue Shield of Oklahoma,21,False,False,https://www.bcbsok.com/member/transparency-in-coverage,https://ratereview.healthcare.gov/,,MISSING_URL
303,87701,"Delta Dental Plan of New Hampshire, Inc.",19,False,True,https://www.nedelta.com/content/dam/member-companies/nedd/downloads/exchange/ExchangeTransparencyPolicies.pdf,https://ratereview.healthcare.gov/,https://www.naic.org/cis_refined_results.htm?TABLEAU=CIS_FINANCIAL&COCODE=47079&:refresh,AVAILABLE
304,88507,"Educators Health Plans Life, Accident, and Health, Inc",12,False,True,https://emihealth.com/Policies/MichiganDental,https://ratereview.healthcare.gov/,https://www.naic.org/cis_refined_results.htm?TABLEAU=CIS_FINANCIAL&COCODE=12515&:refresh,AVAILABLE
305,89281,BEST Life and Health Insurance Company,23,False,True,https://www.bestlife.com/sc/index.html,https://ratereview.healthcare.gov/,https://www.naic.org/cis_refined_results.htm?TABLEAU=CIS_FINANCIAL&COCODE=90638&:refresh,AVAILABLE
306,89364,Sanford Health Plan,17,False,False,https://www.sanfordhealthplan.com/members/claims-payment-information,https://ratereview.healthcare.gov/,https://www.naic.org/cis_refined_results.htm?TABLEAU=CIS_FINANCIAL&COCODE=95683&:refresh,AVAILABLE
307,89819,TRUASSURE INSURANCE COMPANY,20,False,True,https://www.truassure.com/aca-plans,https://ratereview.healthcare.gov/,https://www.naic.org/cis_refined_results.htm?TABLEAU=CIS_FINANCIAL&COCODE=92525&:refresh,AVAILABLE
308,90028,BCBS of Wisconsin(Anthem BCBS),28,False,True,https://www.anthem.com/ms/claims/home.html,https://ratereview.healthcare.gov/,https://www.naic.org/cis_refined_results.htm?TABLEAU=CIS_FINANCIAL&COCODE=54003&:refresh,AVAILABLE
309,90402,Guardian Life Insurance Company of America,25,False,True,https://assets.ctfassets.net/jrhizl9l7csx/3AyKUByHZ9NSjeQMcwn8j8/53ce95a9baee7494befb828f7152268a/Exchange_Transparency_in_Coverage_8.11.25.pdf,https://ratereview.healthcare.gov/,https://www.naic.org/cis_refined_results.htm?TABLEAU=CIS_FINANCIAL&COCODE=64246&:refresh,AVAILABLE
310,90714,Ambetter of Magnolia Inc.,14,False,False,https://www.ambetterhealth.com/en/ms/resources/handbooks-forms/transparency-notice-2026,https://ratereview.healthcare.gov/,https://www.naic.org/cis_refined_results.htm?TABLEAU=CIS_FINANCIAL&COCODE=15762&:refresh,AVAILABLE
311,90787,"Ambetter Health of Louisiana, Inc.",11,False,False,https://www.ambetterhealth.com/en/la/resources/handbooks-forms/transparency-notice-2026,https://ratereview.healthcare.gov/,https://www.naic.org/cis_refined_results.htm?TABLEAU=CIS_FINANCIAL&COCODE=17514&:refresh,AVAILABLE
312,91450,"Health Net of Arizona, Inc.",4,False,False,https://www.ambetterhealth.com/en/az/resources/handbooks-forms/transparency-notice-2026,https://ratereview.healthcare.gov/,https://www.naic.org/cis_refined_results.htm?TABLEAU=CIS_FINANCIAL&COCODE=95206&:refresh,AVAILABLE
313,91476,"Educators Health Plans Life, Accident, and Health,",26,False,True,https://emihealth.com/Policies/TexasDental,https://ratereview.healthcare.gov/,https://www.naic.org/cis_refined_results.htm?TABLEAU=CIS_FINANCIAL&COCODE=12515&:refresh,AVAILABLE
314,91604,Humana Insurance Company,28,False,True,https://www.humana.com/member/plain-language-policy,https://ratereview.healthcare.gov/,https://www.naic.org/cis_refined_results.htm?TABLEAU=CIS_FINANCIAL&COCODE=73288&:refresh,AVAILABLE
315,91908,Oscar Insurance Company,21,False,False,https://hioscar.com/ok_tic_2026,https://ratereview.healthcare.gov/,https://www.naic.org/cis_refined_results.htm?TABLEAU=CIS_FINANCIAL&COCODE=15777&:refresh,AVAILABLE
316,93078,Medica Insurance Company,8,False,False,https://www.medica.com/transparency-in-coverage,https://ratereview.healthcare.gov/,https://www.naic.org/cis_refined_results.htm?TABLEAU=CIS_FINANCIAL&COCODE=12459&:refresh,AVAILABLE
317,93383,"Educators Health Plans Life, Accident, and Health, Inc",16,False,True,https://emihealth.com/Policies/NorthCarolinaDental,https://ratereview.healthcare.gov/,,MISSING_URL
318,93895,BEST Life and Health Insurance Company,15,False,True,https://www.bestlife.com/MT/index.html,https://ratereview.healthcare.gov/,https://www.naic.org/cis_refined_results.htm?TABLEAU=CIS_FINANCIAL&COCODE=90638&:refresh,AVAILABLE
319,94248,Blue Cross and Blue Shield of Kansas City,10,False,False,https://www.bluekc.com/coverage-terms-and-processes/,https://ratereview.healthcare.gov/,https://www.naic.org/cis_refined_results.htm?TABLEAU=CIS_FINANCIAL&COCODE=47171&:refresh,AVAILABLE
320,94419,Cigna Health and Life Insurance Company,9,False,False,https://www.cigna.com/individuals-families/shop-plans/transparency-in-coverage,https://ratereview.healthcare.gov/,https://www.naic.org/cis_refined_results.htm?TABLEAU=CIS_FINANCIAL&COCODE=67369&:refresh,AVAILABLE
321,94482,BEST Life and Health Insurance Company,16,False,True,https://www.bestlife.com/NC/index.html,https://ratereview.healthcare.gov/,https://www.naic.org/cis_refined_results.htm?TABLEAU=CIS_FINANCIAL&COCODE=90638&:refresh,AVAILABLE
322,94529,Group Health Cooperative of South Central Wisconsin,28,False,False,https://ghcscw.com/wp-content/uploads/2025/06/2026-QHP-Transparency-in-Coverage.pdf,https://ratereview.healthcare.gov/,https://www.naic.org/cis_refined_results.htm?TABLEAU=CIS_FINANCIAL&COCODE=95311&:refresh,AVAILABLE
323,94968,UnitedHealthcare Insurance Company,10,False,False,https://www.uhc.com/transparency,https://ratereview.healthcare.gov/,https://www.naic.org/cis_refined_results.htm?TABLEAU=CIS_FINANCIAL&COCODE=79413&:refresh,AVAILABLE
324,95038,Renaissance Life & Health Insurance Company of America,10,False,True,https://renaissancebenefits.com/understanding-your-benefits/affordable-care-act-coverage/,https://ratereview.healthcare.gov/,,MISSING_URL
325,95233,Paramount Insurance Company,12,False,True,https://www.insuringsmiles.com/find-a-plan/marketplace-dental/dental-transparency,https://ratereview.healthcare.gov/,https://www.naic.org/cis_refined_results.htm?TABLEAU=CIS_FINANCIAL&COCODE=11518&:refresh,AVAILABLE
326,95426,UnitedHealthcare Insurance Company,13,False,False,https://www.uhc.com/transparency,https://ratereview.healthcare.gov/,https://www.naic.org/cis_refined_results.htm?TABLEAU=CIS_FINANCIAL&COCODE=79413&:refresh,AVAILABLE
327,96384,Cox Health Systems Insurance Company,13,False,False,https://www.thinkinghealthforward.com/files/CHP-Claims-Payment-Policies-Other-Information-py2020.pdf,https://ratereview.healthcare.gov/,https://www.naic.org/cis_refined_results.htm?TABLEAU=CIS_FINANCIAL&COCODE=60040&:refresh,AVAILABLE
328,96751,Matthew Thornton Hlth Plan(Anthem BCBS),19,False,False,https://www.anthem.com/ms/claims/home.html,https://ratereview.healthcare.gov/,https://www.naic.org/cis_refined_results.htm?TABLEAU=CIS_FINANCIAL&COCODE=95527&:refresh,AVAILABLE
329,97176,Louisiana Health Service & Indemnity Company,11,False,False,https://www.lablue.com/footer/transparencylahsic,https://ratereview.healthcare.gov/,https://www.naic.org/cis_refined_results.htm?TABLEAU=CIS_FINANCIAL&COCODE=81200&:refresh,AVAILABLE
330,97325,Renaissance Life & Health Insurance Company of America,23,False,True,https://renaissancebenefits.com/understanding-your-benefits/affordable-care-act-coverage/,https://ratereview.healthcare.gov/,,MISSING_URL
331,97462,UnitedHealthcare Insurance Company,27,True,True,https://www.solsticecare.com/claimsFaq.aspx,https://ratereview.healthcare.gov/,https://www.naic.org/cis_refined_results.htm?TABLEAU=CIS_FINANCIAL&COCODE=79413&:refresh,AVAILABLE
332,97536,"Educators Health Plans Life, Accident, and Health, Inc",25,False,True,https://emihealth.com/Policies/TennesseeDental,https://ratereview.healthcare.gov/,https://www.naic.org/cis_refined_results.htm?TABLEAU=CIS_FINANCIAL&COCODE=12515&:refresh,AVAILABLE
333,97560,"UnitedHealthcare of Mississippi, Inc.",14,False,False,https://www.uhc.com/transparency,https://ratereview.healthcare.gov/,https://www.naic.org/cis_refined_results.htm?TABLEAU=CIS_FINANCIAL&COCODE=95716&:refresh,AVAILABLE
334,97596,Humana Insurance Company,20,False,True,https://www.humana.com/member/plain-language-policy,https://ratereview.healthcare.gov/,https://www.naic.org/cis_refined_results.htm?TABLEAU=CIS_FINANCIAL&COCODE=73288&:refresh,AVAILABLE
335,97667,"Cigna HealthCare of Arizona, Inc",4,False,False,https://www.cigna.com/individuals-families/shop-plans/transparency-in-coverage,https://ratereview.healthcare.gov/,https://www.naic.org/cis_refined_results.htm?TABLEAU=CIS_FINANCIAL&COCODE=95125&:refresh,AVAILABLE
336,97725,Delta Dental Insurance Company,6,False,True,https://www1.deltadentalins.com/individuals-and-families/healthcare-reform-for-individuals/how-your-marketplace-plan-works.html,https://ratereview.healthcare.gov/,,MISSING_URL
337,98048,Guardian Life Insurance Company of America,18,False,True,https://assets.ctfassets.net/jrhizl9l7csx/3AyKUByHZ9NSjeQMcwn8j8/53ce95a9baee7494befb828f7152268a/Exchange_Transparency_in_Coverage_8.11.25.pdf,https://ratereview.healthcare.gov/,https://www.naic.org/cis_refined_results.htm?TABLEAU=CIS_FINANCIAL&COCODE=64246&:refresh,AVAILABLE
338,98113,"Imperial Health Plan of the Southwest, Inc.",27,False,False,https://exchange.imperialhealthplan.com/transparency-in-coverage/,https://ratereview.healthcare.gov/,https://www.naic.org/cis_refined_results.htm?TABLEAU=CIS_FINANCIAL&COCODE=17437&:refresh,AVAILABLE
339,98185,Blue Care Network of Michigan,12,False,False,https://www.bcbsm.com/what-to-know-about-aca-plans/index/,https://ratereview.healthcare.gov/,https://www.naic.org/cis_refined_results.htm?TABLEAU=CIS_FINANCIAL&COCODE=95610&:refresh,AVAILABLE
340,98780,CHRISTUS Health Plan Louisiana,11,False,False,https://www.christushealthplan.org/member-resources/transparency-in-coverage,https://ratereview.healthcare.gov/,https://www.naic.org/cis_refined_results.htm?TABLEAU=CIS_FINANCIAL&COCODE=16635&:refresh,AVAILABLE
341,98809,UnitedHealthcare Insurance Company,26,False,True,https://www.solsticecare.com/claimsFaq.aspx,https://ratereview.healthcare.gov/,https://www.naic.org/cis_refined_results.htm?TABLEAU=CIS_FINANCIAL&COCODE=79413&:refresh,AVAILABLE
342,98869,"Educators Health Plans Life, Accident, and Health,",6,False,True,https://emihealth.com/Policies/FloridaDental,https://ratereview.healthcare.gov/,https://www.naic.org/cis_refined_results.htm?TABLEAU=CIS_FINANCIAL&COCODE=12515&:refresh,AVAILABLE
343,98884,"Dominion Dental Services, Inc.",22,False,True,https://www.dominionnational.com/wps/wcm/connect/prodnws.dominionnational.com-30097/a166049e-f578-4b90-8fda-60f3bf81a047/PY2026+Transparency+in+Coverage+Policy.pdf?MOD=AJPERES&CVID=pstswnr,https://ratereview.healthcare.gov/,https://www.naic.org/cis_refined_results.htm?TABLEAU=CIS_FINANCIAL&COCODE=95657&:refresh,AVAILABLE
344,98905,CommunityCare HMO Inc.,21,False,False,https://www.ccok.com/Plans-and-Coverage/Group/Claims-Payment-Info-HMO.asp,https://ratereview.healthcare.gov/,https://www.naic.org/cis_refined_results.htm?TABLEAU=CIS_FINANCIAL&COCODE=11691&:refresh,AVAILABLE
345,99248,Cigna Health and Life Insurance Company,25,False,False,https://www.cigna.com/individuals-families/shop-plans/transparency-in-coverage,https://ratereview.healthcare.gov/,https://www.naic.org/cis_refined_results.htm?TABLEAU=CIS_FINANCIAL&COCODE=67369&:refresh,AVAILABLE
346,99723,Celtic Insurance Company,13,False,False,https://www.ambetterhealth.com/en/mo/resources/handbooks-forms/transparency-notice-2026,https://ratereview.healthcare.gov/,https://www.naic.org/cis_refined_results.htm?TABLEAU=CIS_FINANCIAL&COCODE=80799&:refresh,AVAILABLE
347,99791,Humana Insurance Company,9,False,True,https://www.humana.com/member/plain-language-policy,https://ratereview.healthcare.gov/,https://www.naic.org/cis_refined_results.htm?TABLEAU=CIS_FINANCIAL&COCODE=73288&:refresh,AVAILABLE
348,99969,Medical Health Insuring Corp. of Ohio,20,False,False,https://www.medmutual.com/Individuals-and-Families/Transparency-In-Qualified-Health-Coverage,https://ratereview.healthcare.gov/,https://www.naic.org/cis_refined_results.htm?TABLEAU=CIS_FINANCIAL&COCODE=95828&:refresh,AVAILABLE
