DQExceptionID,Severity,Scope,EntityKey,SourceField,RuleCode,ObservedValue,ExpectedCondition,SourceSheet,SourceExcelRow,IsKnownSourceException,ResolutionState
1,WARNING,ISSUER,73836,ClaimsDeniedOutOfNetwork vs ClaimsReceivedOutOfNetwork,DENIED_GT_RECEIVED,ClaimsDeniedOutOfNetwork=66671; ClaimsReceivedOutOfNetwork=35374,Denied claims <= received claims for comparable available values,,,False,OPEN_REVIEW
2,WARNING,ISSUER,61779,ClaimsDeniedOutOfNetwork vs ClaimsReceivedOutOfNetwork,DENIED_GT_RECEIVED,ClaimsDeniedOutOfNetwork=1127; ClaimsReceivedOutOfNetwork=691,Denied claims <= received claims for comparable available values,,,False,OPEN_REVIEW
3,WARNING,ISSUER,37160,ClaimsDeniedOutOfNetwork vs ClaimsReceivedOutOfNetwork,DENIED_GT_RECEIVED,ClaimsDeniedOutOfNetwork=12362; ClaimsReceivedOutOfNetwork=7251,Denied claims <= received claims for comparable available values,,,False,OPEN_REVIEW
4,WARNING,PLAN,12303AZ0010001,ClaimsDeniedOutOfNetwork vs ClaimsReceivedOutOfNetwork,DENIED_GT_RECEIVED,ClaimsDeniedOutOfNetwork=20; ClaimsReceivedOutOfNetwork=19,Denied claims <= received claims for comparable available values,,,False,OPEN_REVIEW
5,WARNING,PLAN,14002TN0400222,ClaimsDeniedOutOfNetwork vs ClaimsReceivedOutOfNetwork,DENIED_GT_RECEIVED,ClaimsDeniedOutOfNetwork=236; ClaimsReceivedOutOfNetwork=208,Denied claims <= received claims for comparable available values,,,False,OPEN_REVIEW
6,WARNING,PLAN,14002TN0400226,ClaimsDeniedOutOfNetwork vs ClaimsReceivedOutOfNetwork,DENIED_GT_RECEIVED,ClaimsDeniedOutOfNetwork=67; ClaimsReceivedOutOfNetwork=53,Denied claims <= received claims for comparable available values,,,False,OPEN_REVIEW
7,WARNING,PLAN,14002TN0400257,ClaimsDeniedOutOfNetwork vs ClaimsReceivedOutOfNetwork,DENIED_GT_RECEIVED,ClaimsDeniedOutOfNetwork=5794; ClaimsReceivedOutOfNetwork=5500,Denied claims <= received claims for comparable available values,,,False,OPEN_REVIEW
8,WARNING,PLAN,26065SC0380023,ClaimsDeniedOutOfNetwork vs ClaimsReceivedOutOfNetwork,DENIED_GT_RECEIVED,ClaimsDeniedOutOfNetwork=23008; ClaimsReceivedOutOfNetwork=8424,Denied claims <= received claims for comparable available values,,,False,OPEN_REVIEW
9,WARNING,PLAN,26065SC0670002,ClaimsDeniedOutOfNetwork vs ClaimsReceivedOutOfNetwork,DENIED_GT_RECEIVED,ClaimsDeniedOutOfNetwork=1599; ClaimsReceivedOutOfNetwork=617,Denied claims <= received claims for comparable available values,,,False,OPEN_REVIEW
10,WARNING,PLAN,26065SC0690002,ClaimsDeniedOutOfNetwork vs ClaimsReceivedOutOfNetwork,DENIED_GT_RECEIVED,ClaimsDeniedOutOfNetwork=2148; ClaimsReceivedOutOfNetwork=767,Denied claims <= received claims for comparable available values,,,False,OPEN_REVIEW
11,WARNING,PLAN,26065SC0700002,ClaimsDeniedOutOfNetwork vs ClaimsReceivedOutOfNetwork,DENIED_GT_RECEIVED,ClaimsDeniedOutOfNetwork=1803; ClaimsReceivedOutOfNetwork=258,Denied claims <= received claims for comparable available values,,,False,OPEN_REVIEW
12,WARNING,PLAN,26065SC0700003,ClaimsDeniedOutOfNetwork vs ClaimsReceivedOutOfNetwork,DENIED_GT_RECEIVED,ClaimsDeniedOutOfNetwork=2347; ClaimsReceivedOutOfNetwork=312,Denied claims <= received claims for comparable available values,,,False,OPEN_REVIEW
13,WARNING,PLAN,26065SC0700006,ClaimsDeniedOutOfNetwork vs ClaimsReceivedOutOfNetwork,DENIED_GT_RECEIVED,ClaimsDeniedOutOfNetwork=1563; ClaimsReceivedOutOfNetwork=168,Denied claims <= received claims for comparable available values,,,False,OPEN_REVIEW
14,WARNING,PLAN,26065SC0710002,ClaimsDeniedOutOfNetwork vs ClaimsReceivedOutOfNetwork,DENIED_GT_RECEIVED,ClaimsDeniedOutOfNetwork=2287; ClaimsReceivedOutOfNetwork=543,Denied claims <= received claims for comparable available values,,,False,OPEN_REVIEW
15,WARNING,PLAN,26065SC0710003,ClaimsDeniedOutOfNetwork vs ClaimsReceivedOutOfNetwork,DENIED_GT_RECEIVED,ClaimsDeniedOutOfNetwork=4882; ClaimsReceivedOutOfNetwork=702,Denied claims <= received claims for comparable available values,,,False,OPEN_REVIEW
16,WARNING,PLAN,26065SC0710006,ClaimsDeniedOutOfNetwork vs ClaimsReceivedOutOfNetwork,DENIED_GT_RECEIVED,ClaimsDeniedOutOfNetwork=1299; ClaimsReceivedOutOfNetwork=221,Denied claims <= received claims for comparable available values,,,False,OPEN_REVIEW
17,WARNING,PLAN,26065SC0720002,ClaimsDeniedOutOfNetwork vs ClaimsReceivedOutOfNetwork,DENIED_GT_RECEIVED,ClaimsDeniedOutOfNetwork=1692; ClaimsReceivedOutOfNetwork=263,Denied claims <= received claims for comparable available values,,,False,OPEN_REVIEW
18,WARNING,PLAN,26065SC0720003,ClaimsDeniedOutOfNetwork vs ClaimsReceivedOutOfNetwork,DENIED_GT_RECEIVED,ClaimsDeniedOutOfNetwork=2418; ClaimsReceivedOutOfNetwork=374,Denied claims <= received claims for comparable available values,,,False,OPEN_REVIEW
19,WARNING,PLAN,26065SC0720006,ClaimsDeniedOutOfNetwork vs ClaimsReceivedOutOfNetwork,DENIED_GT_RECEIVED,ClaimsDeniedOutOfNetwork=1526; ClaimsReceivedOutOfNetwork=212,Denied claims <= received claims for comparable available values,,,False,OPEN_REVIEW
20,WARNING,PLAN,26065SC0730002,ClaimsDeniedOutOfNetwork vs ClaimsReceivedOutOfNetwork,DENIED_GT_RECEIVED,ClaimsDeniedOutOfNetwork=2012; ClaimsReceivedOutOfNetwork=248,Denied claims <= received claims for comparable available values,,,False,OPEN_REVIEW
21,WARNING,PLAN,26065SC0730003,ClaimsDeniedOutOfNetwork vs ClaimsReceivedOutOfNetwork,DENIED_GT_RECEIVED,ClaimsDeniedOutOfNetwork=2937; ClaimsReceivedOutOfNetwork=232,Denied claims <= received claims for comparable available values,,,False,OPEN_REVIEW
22,WARNING,PLAN,26065SC0730006,ClaimsDeniedOutOfNetwork vs ClaimsReceivedOutOfNetwork,DENIED_GT_RECEIVED,ClaimsDeniedOutOfNetwork=1589; ClaimsReceivedOutOfNetwork=152,Denied claims <= received claims for comparable available values,,,False,OPEN_REVIEW
23,WARNING,PLAN,34762MO0590010,ClaimsDeniedOutOfNetwork vs ClaimsReceivedOutOfNetwork,DENIED_GT_RECEIVED,ClaimsDeniedOutOfNetwork=115; ClaimsReceivedOutOfNetwork=94,Denied claims <= received claims for comparable available values,,,False,OPEN_REVIEW
24,WARNING,PLAN,34762MO0590019,ClaimsDeniedOutOfNetwork vs ClaimsReceivedOutOfNetwork,DENIED_GT_RECEIVED,ClaimsDeniedOutOfNetwork=129; ClaimsReceivedOutOfNetwork=125,Denied claims <= received claims for comparable available values,,,False,OPEN_REVIEW
25,WARNING,PLAN,34964OH0030004,ClaimsDeniedOutOfNetwork vs ClaimsReceivedOutOfNetwork,DENIED_GT_RECEIVED,ClaimsDeniedOutOfNetwork=94; ClaimsReceivedOutOfNetwork=88,Denied claims <= received claims for comparable available values,,,False,OPEN_REVIEW
26,WARNING,PLAN,37160ND2410002,ClaimsDeniedOutOfNetwork vs ClaimsReceivedOutOfNetwork,DENIED_GT_RECEIVED,ClaimsDeniedOutOfNetwork=560; ClaimsReceivedOutOfNetwork=346,Denied claims <= received claims for comparable available values,,,False,OPEN_REVIEW
27,WARNING,PLAN,37160ND2410020,ClaimsDeniedOutOfNetwork vs ClaimsReceivedOutOfNetwork,DENIED_GT_RECEIVED,ClaimsDeniedOutOfNetwork=2134; ClaimsReceivedOutOfNetwork=1322,Denied claims <= received claims for comparable available values,,,False,OPEN_REVIEW
28,WARNING,PLAN,37160ND2410027,ClaimsDeniedOutOfNetwork vs ClaimsReceivedOutOfNetwork,DENIED_GT_RECEIVED,ClaimsDeniedOutOfNetwork=478; ClaimsReceivedOutOfNetwork=193,Denied claims <= received claims for comparable available values,,,False,OPEN_REVIEW
29,WARNING,PLAN,37160ND2410028,ClaimsDeniedOutOfNetwork vs ClaimsReceivedOutOfNetwork,DENIED_GT_RECEIVED,ClaimsDeniedOutOfNetwork=660; ClaimsReceivedOutOfNetwork=396,Denied claims <= received claims for comparable available values,,,False,OPEN_REVIEW
30,WARNING,PLAN,37160ND2480001,ClaimsDeniedOutOfNetwork vs ClaimsReceivedOutOfNetwork,DENIED_GT_RECEIVED,ClaimsDeniedOutOfNetwork=458; ClaimsReceivedOutOfNetwork=182,Denied claims <= received claims for comparable available values,,,False,OPEN_REVIEW
31,WARNING,PLAN,37160ND2480003,ClaimsDeniedOutOfNetwork vs ClaimsReceivedOutOfNetwork,DENIED_GT_RECEIVED,ClaimsDeniedOutOfNetwork=3903; ClaimsReceivedOutOfNetwork=1399,Denied claims <= received claims for comparable available values,,,False,OPEN_REVIEW
32,WARNING,PLAN,37160ND2480009,ClaimsDeniedOutOfNetwork vs ClaimsReceivedOutOfNetwork,DENIED_GT_RECEIVED,ClaimsDeniedOutOfNetwork=308; ClaimsReceivedOutOfNetwork=11,Denied claims <= received claims for comparable available values,,,False,OPEN_REVIEW
33,WARNING,PLAN,37160ND2480010,ClaimsDeniedOutOfNetwork vs ClaimsReceivedOutOfNetwork,DENIED_GT_RECEIVED,ClaimsDeniedOutOfNetwork=505; ClaimsReceivedOutOfNetwork=23,Denied claims <= received claims for comparable available values,,,False,OPEN_REVIEW
34,WARNING,PLAN,39520KS0040073,ClaimsDeniedOutOfNetwork vs ClaimsReceivedOutOfNetwork,DENIED_GT_RECEIVED,ClaimsDeniedOutOfNetwork=38; ClaimsReceivedOutOfNetwork=37,Denied claims <= received claims for comparable available values,,,False,OPEN_REVIEW
35,WARNING,PLAN,43878TN0010003,ClaimsDeniedOutOfNetwork vs ClaimsReceivedOutOfNetwork,DENIED_GT_RECEIVED,ClaimsDeniedOutOfNetwork=18; ClaimsReceivedOutOfNetwork=17,Denied claims <= received claims for comparable available values,,,False,OPEN_REVIEW
36,WARNING,PLAN,77552OH0010202,ClaimsDeniedOutOfNetwork vs ClaimsReceivedOutOfNetwork,DENIED_GT_RECEIVED,ClaimsDeniedOutOfNetwork=2332; ClaimsReceivedOutOfNetwork=1598,Denied claims <= received claims for comparable available values,,,False,OPEN_REVIEW
37,WARNING,ISSUER,97725,InternalAppealsOverturned vs InternalAppealsFiled,APPEALS_OVERTURNED_GT_FILED,InternalAppealsOverturned=16518; InternalAppealsFiled=1203,Appeals overturned <= appeals filed,,,True,KNOWN_SOURCE_EXCEPTION_PRESERVED
38,WARNING,ISSUER,97725,InternalAppealsOverturnPctPublished,PERCENT_OUTSIDE_0_100,1373.07,Expected percentage range 0–100 unless source anomaly,,,True,KNOWN_SOURCE_EXCEPTION_PRESERVED
