ReportingPeriodKey,StateKey,IssuerKey,MetricKey,AvailabilityStatusKey,SourceStatusToken
2024,1,47,1,1,
2024,1,47,2,1,
2024,1,47,3,1,
2024,1,47,4,1,
2024,1,47,5,1,
2024,1,47,6,1,
2024,1,47,7,3,**
2024,1,47,8,3,**
2024,1,47,9,3,**
2024,1,47,10,1,
2024,1,47,11,1,
2024,1,47,12,1,
2024,1,121,1,1,
2024,1,121,2,1,
2024,1,121,3,1,
2024,1,121,4,1,
2024,1,121,5,1,
2024,1,121,6,1,
2024,1,121,7,1,
2024,1,121,8,1,
2024,1,121,9,1,
2024,1,121,10,3,**
2024,1,121,11,3,**
2024,1,121,12,3,**
2024,1,256,1,1,
2024,1,256,2,1,
2024,1,256,3,1,
2024,1,256,4,1,
2024,1,256,5,1,
2024,1,256,6,1,
2024,1,256,7,1,
2024,1,256,8,1,
2024,1,256,9,1,
2024,1,256,10,1,
2024,1,256,11,1,
2024,1,256,12,1,
2024,1,260,1,1,
2024,1,260,2,1,
2024,1,260,3,1,
2024,1,260,4,1,
2024,1,260,5,3,**
2024,1,260,6,1,
2024,1,260,7,3,**
2024,1,260,8,3,**
2024,1,260,9,3,**
2024,1,260,10,1,
2024,1,260,11,1,
2024,1,260,12,1,
2024,2,11,1,3,**
2024,2,11,2,1,
2024,2,11,3,3,**
2024,2,11,4,3,**
2024,2,11,5,3,**
2024,2,11,6,3,**
2024,2,11,7,1,
2024,2,11,8,1,
2024,2,11,9,1,
2024,2,11,10,3,**
2024,2,11,11,3,**
2024,2,11,12,3,**
2024,2,28,1,5,N/A
2024,2,28,2,5,N/A
2024,2,28,3,5,N/A
2024,2,28,4,5,N/A
2024,2,28,5,5,N/A
2024,2,28,6,5,N/A
2024,2,28,7,5,N/A
2024,2,28,8,5,N/A
2024,2,28,9,5,N/A
2024,2,28,10,5,N/A
2024,2,28,11,5,N/A
2024,2,28,12,5,N/A
2024,2,32,1,1,
2024,2,32,2,1,
2024,2,32,3,1,
2024,2,32,4,1,
2024,2,32,5,1,
2024,2,32,6,1,
2024,2,32,7,1,
2024,2,32,8,1,
2024,2,32,9,1,
2024,2,32,10,1,
2024,2,32,11,1,
2024,2,32,12,1,
2024,2,72,1,1,
2024,2,72,2,1,
2024,2,72,3,1,
2024,2,72,4,1,
2024,2,72,5,1,
2024,2,72,6,1,
2024,2,72,7,1,
2024,2,72,8,1,
2024,2,72,9,1,
2024,2,72,10,1,
2024,2,72,11,1,
2024,2,72,12,1,
2024,2,144,1,1,
2024,2,144,2,1,
2024,2,144,3,1,
2024,2,144,4,1,
2024,2,144,5,3,**
2024,2,144,6,3,**
2024,2,144,7,1,
2024,2,144,8,1,
2024,2,144,9,1,
2024,2,144,10,1,
2024,2,144,11,1,
2024,2,144,12,1,
2024,2,152,1,1,
2024,2,152,2,1,
2024,2,152,3,1,
2024,2,152,4,1,
2024,2,152,5,1,
2024,2,152,6,1,
2024,2,152,7,3,**
2024,2,152,8,1,
2024,2,152,9,3,**
2024,2,152,10,1,
2024,2,152,11,1,
2024,2,152,12,1,
2024,2,153,1,1,
2024,2,153,2,1,
2024,2,153,3,1,
2024,2,153,4,1,
2024,2,153,5,1,
2024,2,153,6,1,
2024,2,153,7,1,
2024,2,153,8,1,
2024,2,153,9,1,
2024,2,153,10,1,
2024,2,153,11,1,
2024,2,153,12,1,
2024,2,180,1,1,
2024,2,180,2,1,
2024,2,180,3,1,
2024,2,180,4,1,
2024,2,180,5,1,
2024,2,180,6,1,
2024,2,180,7,1,
2024,2,180,8,3,**
2024,2,180,9,3,**
2024,2,180,10,3,**
2024,2,180,11,1,
2024,2,180,12,3,**
2024,2,202,1,1,
2024,2,202,2,1,
2024,2,202,3,1,
2024,2,202,4,1,
2024,2,202,5,3,**
2024,2,202,6,1,
2024,2,202,7,3,**
2024,2,202,8,3,**
2024,2,202,9,3,**
2024,2,202,10,1,
2024,2,202,11,1,
2024,2,202,12,1,
2024,2,235,1,1,
2024,2,235,2,1,
2024,2,235,3,1,
2024,2,235,4,1,
2024,2,235,5,1,
2024,2,235,6,1,
2024,2,235,7,1,
2024,2,235,8,1,
2024,2,235,9,1,
2024,2,235,10,3,**
2024,2,235,11,3,**
2024,2,235,12,3,**
2024,2,286,1,1,
2024,2,286,2,1,
2024,2,286,3,1,
2024,2,286,4,1,
2024,2,286,5,1,
2024,2,286,6,1,
2024,2,286,7,1,
2024,2,286,8,3,**
2024,2,286,9,3,**
2024,2,286,10,1,
2024,2,286,11,1,
2024,2,286,12,1,
2024,3,14,1,1,
2024,3,14,2,1,
2024,3,14,3,1,
2024,3,14,4,1,
2024,3,14,5,1,
2024,3,14,6,1,
2024,3,14,7,1,
2024,3,14,8,1,
2024,3,14,9,1,
2024,3,14,10,3,**
2024,3,14,11,1,
2024,3,14,12,3,**
2024,3,64,1,5,N/A
2024,3,64,2,5,N/A
2024,3,64,3,5,N/A
2024,3,64,4,5,N/A
2024,3,64,5,5,N/A
2024,3,64,6,5,N/A
2024,3,64,7,5,N/A
2024,3,64,8,5,N/A
2024,3,64,9,5,N/A
2024,3,64,10,5,N/A
2024,3,64,11,5,N/A
2024,3,64,12,5,N/A
2024,3,68,1,1,
2024,3,68,2,1,
2024,3,68,3,1,
2024,3,68,4,1,
2024,3,68,5,1,
2024,3,68,6,1,
2024,3,68,7,1,
2024,3,68,8,1,
2024,3,68,9,1,
2024,3,68,10,1,
2024,3,68,11,1,
2024,3,68,12,1,
2024,3,118,1,1,
2024,3,118,2,1,
2024,3,118,3,1,
2024,3,118,4,1,
2024,3,118,5,1,
2024,3,118,6,1,
2024,3,118,7,1,
2024,3,118,8,1,
2024,3,118,9,1,
2024,3,118,10,1,
2024,3,118,11,1,
2024,3,118,12,1,
2024,3,165,1,1,
2024,3,165,2,1,
2024,3,165,3,1,
2024,3,165,4,1,
2024,3,165,5,1,
2024,3,165,6,1,
2024,3,165,7,1,
2024,3,165,8,1,
2024,3,165,9,1,
2024,3,165,10,1,
2024,3,165,11,1,
2024,3,165,12,1,
2024,3,208,1,1,
2024,3,208,2,1,
2024,3,208,3,1,
2024,3,208,4,1,
2024,3,208,5,1,
2024,3,208,6,1,
2024,3,208,7,1,
2024,3,208,8,1,
2024,3,208,9,1,
2024,3,208,10,1,
2024,3,208,11,1,
2024,3,208,12,1,
2024,3,242,1,1,
2024,3,242,2,1,
2024,3,242,3,1,
2024,3,242,4,1,
2024,3,242,5,1,
2024,3,242,6,1,
2024,3,242,7,1,
2024,3,242,8,1,
2024,3,242,9,1,
2024,3,242,10,1,
2024,3,242,11,1,
2024,3,242,12,1,
2024,3,263,1,1,
2024,3,263,2,1,
2024,3,263,3,1,
2024,3,263,4,1,
2024,3,263,5,1,
2024,3,263,6,1,
2024,3,263,7,1,
2024,3,263,8,1,
2024,3,263,9,1,
2024,3,263,10,1,
2024,3,263,11,1,
2024,3,263,12,1,
2024,4,9,1,1,
2024,4,9,2,1,
2024,4,9,3,1,
2024,4,9,4,1,
2024,4,9,5,1,
2024,4,9,6,1,
2024,4,9,7,3,**
2024,4,9,8,1,
2024,4,9,9,3,**
2024,4,9,10,1,
2024,4,9,11,1,
2024,4,9,12,1,
2024,4,18,1,1,
2024,4,18,2,1,
2024,4,18,3,1,
2024,4,18,4,1,
2024,4,18,5,1,
2024,4,18,6,1,
2024,4,18,7,1,
2024,4,18,8,1,
2024,4,18,9,1,
2024,4,18,10,1,
2024,4,18,11,1,
2024,4,18,12,1,
2024,4,31,1,1,
2024,4,31,2,1,
2024,4,31,3,1,
2024,4,31,4,1,
2024,4,31,5,1,
2024,4,31,6,1,
2024,4,31,7,1,
2024,4,31,8,1,
2024,4,31,9,1,
2024,4,31,10,1,
2024,4,31,11,1,
2024,4,31,12,1,
2024,4,54,1,1,
2024,4,54,2,1,
2024,4,54,3,1,
2024,4,54,4,1,
2024,4,54,5,3,**
2024,4,54,6,3,**
2024,4,54,7,3,**
2024,4,54,8,3,**
2024,4,54,9,3,**
2024,4,54,10,1,
2024,4,54,11,1,
2024,4,54,12,1,
2024,4,81,1,1,
2024,4,81,2,1,
2024,4,81,3,1,
2024,4,81,4,1,
2024,4,81,5,1,
2024,4,81,6,1,
2024,4,81,7,1,
2024,4,81,8,3,**
2024,4,81,9,3,**
2024,4,81,10,3,**
2024,4,81,11,1,
2024,4,81,12,3,**
2024,4,102,1,1,
2024,4,102,2,1,
2024,4,102,3,1,
2024,4,102,4,1,
2024,4,102,5,1,
2024,4,102,6,1,
2024,4,102,7,1,
2024,4,102,8,3,**
2024,4,102,9,3,**
2024,4,102,10,1,
2024,4,102,11,1,
2024,4,102,12,1,
2024,4,131,1,1,
2024,4,131,2,1,
2024,4,131,3,1,
2024,4,131,4,1,
2024,4,131,5,1,
2024,4,131,6,1,
2024,4,131,7,1,
2024,4,131,8,1,
2024,4,131,9,1,
2024,4,131,10,1,
2024,4,131,11,3,**
2024,4,131,12,3,**
2024,4,178,1,1,
2024,4,178,2,1,
2024,4,178,3,1,
2024,4,178,4,1,
2024,4,178,5,1,
2024,4,178,6,1,
2024,4,178,7,3,**
2024,4,178,8,3,**
2024,4,178,9,3,**
2024,4,178,10,1,
2024,4,178,11,1,
2024,4,178,12,1,
2024,4,179,1,1,
2024,4,179,2,1,
2024,4,179,3,1,
2024,4,179,4,1,
2024,4,179,5,1,
2024,4,179,6,1,
2024,4,179,7,1,
2024,4,179,8,1,
2024,4,179,9,1,
2024,4,179,10,1,
2024,4,179,11,1,
2024,4,179,12,1,
2024,4,221,1,1,
2024,4,221,2,1,
2024,4,221,3,1,
2024,4,221,4,1,
2024,4,221,5,1,
2024,4,221,6,1,
2024,4,221,7,1,
2024,4,221,8,3,**
2024,4,221,9,3,**
2024,4,221,10,1,
2024,4,221,11,1,
2024,4,221,12,1,
2024,4,231,1,5,N/A
2024,4,231,2,5,N/A
2024,4,231,3,5,N/A
2024,4,231,4,5,N/A
2024,4,231,5,5,N/A
2024,4,231,6,5,N/A
2024,4,231,7,5,N/A
2024,4,231,8,5,N/A
2024,4,231,9,5,N/A
2024,4,231,10,5,N/A
2024,4,231,11,5,N/A
2024,4,231,12,5,N/A
2024,4,270,1,1,
2024,4,270,2,1,
2024,4,270,3,1,
2024,4,270,4,3,**
2024,4,270,5,3,**
2024,4,270,6,3,**
2024,4,270,7,1,
2024,4,270,8,1,
2024,4,270,9,1,
2024,4,270,10,1,
2024,4,270,11,1,
2024,4,270,12,1,
2024,4,284,1,1,
2024,4,284,2,1,
2024,4,284,3,1,
2024,4,284,4,1,
2024,4,284,5,1,
2024,4,284,6,1,
2024,4,284,7,1,
2024,4,284,8,3,**
2024,4,284,9,3,**
2024,4,284,10,1,
2024,4,284,11,1,
2024,4,284,12,1,
2024,4,292,1,1,
2024,4,292,2,1,
2024,4,292,3,1,
2024,4,292,4,1,
2024,4,292,5,1,
2024,4,292,6,1,
2024,4,292,7,3,**
2024,4,292,8,3,**
2024,4,292,9,3,**
2024,4,292,10,1,
2024,4,292,11,1,
2024,4,292,12,1,
2024,4,296,1,1,
2024,4,296,2,1,
2024,4,296,3,1,
2024,4,296,4,1,
2024,4,296,5,1,
2024,4,296,6,1,
2024,4,296,7,1,
2024,4,296,8,1,
2024,4,296,9,1,
2024,4,296,10,1,
2024,4,296,11,1,
2024,4,296,12,1,
2024,4,312,1,1,
2024,4,312,2,1,
2024,4,312,3,1,
2024,4,312,4,1,
2024,4,312,5,1,
2024,4,312,6,1,
2024,4,312,7,1,
2024,4,312,8,1,
2024,4,312,9,3,**
2024,4,312,10,3,**
2024,4,312,11,1,
2024,4,312,12,3,**
2024,4,335,1,1,
2024,4,335,2,1,
2024,4,335,3,1,
2024,4,335,4,1,
2024,4,335,5,1,
2024,4,335,6,1,
2024,4,335,7,1,
2024,4,335,8,1,
2024,4,335,9,1,
2024,4,335,10,3,**
2024,4,335,11,3,**
2024,4,335,12,3,**
2024,5,61,1,1,
2024,5,61,2,1,
2024,5,61,3,1,
2024,5,61,4,1,
2024,5,61,5,1,
2024,5,61,6,1,
2024,5,61,7,1,
2024,5,61,8,3,**
2024,5,61,9,3,**
2024,5,61,10,1,
2024,5,61,11,1,
2024,5,61,12,1,
2024,5,218,1,1,
2024,5,218,2,1,
2024,5,218,3,1,
2024,5,218,4,1,
2024,5,218,5,1,
2024,5,218,6,1,
2024,5,218,7,3,**
2024,5,218,8,1,
2024,5,218,9,3,**
2024,5,218,10,1,
2024,5,218,11,1,
2024,5,218,12,1,
2024,5,226,1,1,
2024,5,226,2,1,
2024,5,226,3,1,
2024,5,226,4,1,
2024,5,226,5,1,
2024,5,226,6,1,
2024,5,226,7,3,**
2024,5,226,8,3,**
2024,5,226,9,3,**
2024,5,226,10,1,
2024,5,226,11,1,
2024,5,226,12,1,
2024,5,250,1,1,
2024,5,250,2,1,
2024,5,250,3,1,
2024,5,250,4,1,
2024,5,250,5,1,
2024,5,250,6,1,
2024,5,250,7,1,
2024,5,250,8,1,
2024,5,250,9,1,
2024,5,250,10,1,
2024,5,250,11,1,
2024,5,250,12,1,
2024,5,266,1,1,
2024,5,266,2,1,
2024,5,266,3,1,
2024,5,266,4,1,
2024,5,266,5,1,
2024,5,266,6,1,
2024,5,266,7,1,
2024,5,266,8,1,
2024,5,266,9,1,
2024,5,266,10,3,**
2024,5,266,11,3,**
2024,5,266,12,3,**
2024,6,19,1,5,N/A
2024,6,19,2,5,N/A
2024,6,19,3,5,N/A
2024,6,19,4,5,N/A
2024,6,19,5,5,N/A
2024,6,19,6,5,N/A
2024,6,19,7,5,N/A
2024,6,19,8,5,N/A
2024,6,19,9,5,N/A
2024,6,19,10,5,N/A
2024,6,19,11,5,N/A
2024,6,19,12,5,N/A
2024,6,24,1,1,
2024,6,24,2,1,
2024,6,24,3,1,
2024,6,24,4,1,
2024,6,24,5,1,
2024,6,24,6,1,
2024,6,24,7,1,
2024,6,24,8,1,
2024,6,24,9,1,
2024,6,24,10,1,
2024,6,24,11,1,
2024,6,24,12,1,
2024,6,25,1,1,
2024,6,25,2,1,
2024,6,25,3,1,
2024,6,25,4,1,
2024,6,25,5,1,
2024,6,25,6,1,
2024,6,25,7,1,
2024,6,25,8,3,**
2024,6,25,9,3,**
2024,6,25,10,1,
2024,6,25,11,1,
2024,6,25,12,1,
2024,6,26,1,1,
2024,6,26,2,1,
2024,6,26,3,1,
2024,6,26,4,1,
2024,6,26,5,1,
2024,6,26,6,1,
2024,6,26,7,1,
2024,6,26,8,1,
2024,6,26,9,1,
2024,6,26,10,1,
2024,6,26,11,1,
2024,6,26,12,1,
2024,6,29,1,1,
2024,6,29,2,1,
2024,6,29,3,1,
2024,6,29,4,1,
2024,6,29,5,3,**
2024,6,29,6,1,
2024,6,29,7,1,
2024,6,29,8,1,
2024,6,29,9,1,
2024,6,29,10,3,**
2024,6,29,11,3,**
2024,6,29,12,3,**
2024,6,40,1,1,
2024,6,40,2,1,
2024,6,40,3,1,
2024,6,40,4,1,
2024,6,40,5,1,
2024,6,40,6,1,
2024,6,40,7,1,
2024,6,40,8,3,**
2024,6,40,9,3,**
2024,6,40,10,1,
2024,6,40,11,1,
2024,6,40,12,1,
2024,6,46,1,5,N/A
2024,6,46,2,5,N/A
2024,6,46,3,5,N/A
2024,6,46,4,5,N/A
2024,6,46,5,5,N/A
2024,6,46,6,5,N/A
2024,6,46,7,5,N/A
2024,6,46,8,5,N/A
2024,6,46,9,5,N/A
2024,6,46,10,5,N/A
2024,6,46,11,5,N/A
2024,6,46,12,5,N/A
2024,6,82,1,1,
2024,6,82,2,1,
2024,6,82,3,1,
2024,6,82,4,1,
2024,6,82,5,1,
2024,6,82,6,1,
2024,6,82,7,1,
2024,6,82,8,1,
2024,6,82,9,1,
2024,6,82,10,1,
2024,6,82,11,1,
2024,6,82,12,1,
2024,6,83,1,1,
2024,6,83,2,1,
2024,6,83,3,1,
2024,6,83,4,1,
2024,6,83,5,1,
2024,6,83,6,1,
2024,6,83,7,1,
2024,6,83,8,1,
2024,6,83,9,1,
2024,6,83,10,1,
2024,6,83,11,1,
2024,6,83,12,1,
2024,6,114,1,1,
2024,6,114,2,1,
2024,6,114,3,1,
2024,6,114,4,1,
2024,6,114,5,1,
2024,6,114,6,1,
2024,6,114,7,1,
2024,6,114,8,1,
2024,6,114,9,1,
2024,6,114,10,1,
2024,6,114,11,3,**
2024,6,114,12,3,**
2024,6,137,1,1,
2024,6,137,2,1,
2024,6,137,3,1,
2024,6,137,4,1,
2024,6,137,5,1,
2024,6,137,6,1,
2024,6,137,7,1,
2024,6,137,8,1,
2024,6,137,9,1,
2024,6,137,10,1,
2024,6,137,11,1,
2024,6,137,12,1,
2024,6,142,1,5,N/A
2024,6,142,2,5,N/A
2024,6,142,3,5,N/A
2024,6,142,4,5,N/A
2024,6,142,5,5,N/A
2024,6,142,6,5,N/A
2024,6,142,7,5,N/A
2024,6,142,8,5,N/A
2024,6,142,9,5,N/A
2024,6,142,10,5,N/A
2024,6,142,11,5,N/A
2024,6,142,12,5,N/A
2024,6,161,1,1,
2024,6,161,2,1,
2024,6,161,3,1,
2024,6,161,4,1,
2024,6,161,5,1,
2024,6,161,6,1,
2024,6,161,7,1,
2024,6,161,8,1,
2024,6,161,9,1,
2024,6,161,10,1,
2024,6,161,11,3,**
2024,6,161,12,3,**
2024,6,162,1,1,
2024,6,162,2,1,
2024,6,162,3,1,
2024,6,162,4,1,
2024,6,162,5,1,
2024,6,162,6,1,
2024,6,162,7,1,
2024,6,162,8,1,
2024,6,162,9,1,
2024,6,162,10,3,**
2024,6,162,11,3,**
2024,6,162,12,3,**
2024,6,168,1,5,N/A
2024,6,168,2,5,N/A
2024,6,168,3,5,N/A
2024,6,168,4,5,N/A
2024,6,168,5,5,N/A
2024,6,168,6,5,N/A
2024,6,168,7,5,N/A
2024,6,168,8,5,N/A
2024,6,168,9,5,N/A
2024,6,168,10,5,N/A
2024,6,168,11,5,N/A
2024,6,168,12,5,N/A
2024,6,181,1,1,
2024,6,181,2,1,
2024,6,181,3,1,
2024,6,181,4,1,
2024,6,181,5,1,
2024,6,181,6,1,
2024,6,181,7,1,
2024,6,181,8,1,
2024,6,181,9,1,
2024,6,181,10,1,
2024,6,181,11,1,
2024,6,181,12,1,
2024,6,185,1,1,
2024,6,185,2,1,
2024,6,185,3,1,
2024,6,185,4,1,
2024,6,185,5,1,
2024,6,185,6,1,
2024,6,185,7,1,
2024,6,185,8,1,
2024,6,185,9,1,
2024,6,185,10,1,
2024,6,185,11,1,
2024,6,185,12,1,
2024,6,201,1,1,
2024,6,201,2,1,
2024,6,201,3,1,
2024,6,201,4,1,
2024,6,201,5,1,
2024,6,201,6,3,**
2024,6,201,7,3,**
2024,6,201,8,1,
2024,6,201,9,3,**
2024,6,201,10,1,
2024,6,201,11,1,
2024,6,201,12,1,
2024,6,225,1,1,
2024,6,225,2,1,
2024,6,225,3,1,
2024,6,225,4,1,
2024,6,225,5,1,
2024,6,225,6,1,
2024,6,225,7,1,
2024,6,225,8,1,
2024,6,225,9,1,
2024,6,225,10,3,**
2024,6,225,11,3,**
2024,6,225,12,3,**
2024,6,227,1,1,
2024,6,227,2,1,
2024,6,227,3,1,
2024,6,227,4,1,
2024,6,227,5,1,
2024,6,227,6,1,
2024,6,227,7,3,**
2024,6,227,8,3,**
2024,6,227,9,3,**
2024,6,227,10,1,
2024,6,227,11,1,
2024,6,227,12,1,
2024,6,229,1,1,
2024,6,229,2,1,
2024,6,229,3,1,
2024,6,229,4,1,
2024,6,229,5,1,
2024,6,229,6,1,
2024,6,229,7,1,
2024,6,229,8,1,
2024,6,229,9,1,
2024,6,229,10,1,
2024,6,229,11,3,**
2024,6,229,12,3,**
2024,6,258,1,1,
2024,6,258,2,1,
2024,6,258,3,1,
2024,6,258,4,1,
2024,6,258,5,1,
2024,6,258,6,1,
2024,6,258,7,3,**
2024,6,258,8,3,**
2024,6,258,9,3,**
2024,6,258,10,1,
2024,6,258,11,1,
2024,6,258,12,1,
2024,6,278,1,5,N/A
2024,6,278,2,5,N/A
2024,6,278,3,5,N/A
2024,6,278,4,5,N/A
2024,6,278,5,5,N/A
2024,6,278,6,5,N/A
2024,6,278,7,5,N/A
2024,6,278,8,5,N/A
2024,6,278,9,5,N/A
2024,6,278,10,5,N/A
2024,6,278,11,5,N/A
2024,6,278,12,5,N/A
2024,6,293,1,1,
2024,6,293,2,1,
2024,6,293,3,1,
2024,6,293,4,1,
2024,6,293,5,1,
2024,6,293,6,1,
2024,6,293,7,1,
2024,6,293,8,3,**
2024,6,293,9,3,**
2024,6,293,10,3,**
2024,6,293,11,1,
2024,6,293,12,3,**
2024,6,336,1,1,
2024,6,336,2,1,
2024,6,336,3,1,
2024,6,336,4,1,
2024,6,336,5,1,
2024,6,336,6,1,
2024,6,336,7,1,
2024,6,336,8,1,
2024,6,336,9,1,
2024,6,336,10,1,
2024,6,336,11,1,
2024,6,336,12,1,
2024,6,342,1,1,
2024,6,342,2,1,
2024,6,342,3,1,
2024,6,342,4,1,
2024,6,342,5,1,
2024,6,342,6,1,
2024,6,342,7,3,**
2024,6,342,8,3,**
2024,6,342,9,3,**
2024,6,342,10,1,
2024,6,342,11,1,
2024,6,342,12,1,
2024,7,1,1,3,**
2024,7,1,2,1,
2024,7,1,3,3,**
2024,7,1,4,3,**
2024,7,1,5,1,
2024,7,1,6,1,
2024,7,1,7,3,**
2024,7,1,8,3,**
2024,7,1,9,3,**
2024,7,1,10,1,
2024,7,1,11,1,
2024,7,1,12,1,
2024,7,36,1,1,
2024,7,36,2,1,
2024,7,36,3,1,
2024,7,36,4,1,
2024,7,36,5,1,
2024,7,36,6,1,
2024,7,36,7,1,
2024,7,36,8,1,
2024,7,36,9,1,
2024,7,36,10,1,
2024,7,36,11,1,
2024,7,36,12,1,
2024,7,66,1,5,N/A
2024,7,66,2,5,N/A
2024,7,66,3,5,N/A
2024,7,66,4,5,N/A
2024,7,66,5,5,N/A
2024,7,66,6,5,N/A
2024,7,66,7,5,N/A
2024,7,66,8,5,N/A
2024,7,66,9,5,N/A
2024,7,66,10,5,N/A
2024,7,66,11,5,N/A
2024,7,66,12,5,N/A
2024,7,89,1,5,N/A
2024,7,89,2,5,N/A
2024,7,89,3,5,N/A
2024,7,89,4,5,N/A
2024,7,89,5,5,N/A
2024,7,89,6,5,N/A
2024,7,89,7,5,N/A
2024,7,89,8,5,N/A
2024,7,89,9,5,N/A
2024,7,89,10,5,N/A
2024,7,89,11,5,N/A
2024,7,89,12,5,N/A
2024,7,151,1,1,
2024,7,151,2,1,
2024,7,151,3,1,
2024,7,151,4,1,
2024,7,151,5,3,**
2024,7,151,6,1,
2024,7,151,7,1,
2024,7,151,8,1,
2024,7,151,9,1,
2024,7,151,10,1,
2024,7,151,11,1,
2024,7,151,12,1,
2024,7,204,1,1,
2024,7,204,2,1,
2024,7,204,3,1,
2024,7,204,4,1,
2024,7,204,5,1,
2024,7,204,6,1,
2024,7,204,7,1,
2024,7,204,8,1,
2024,7,204,9,1,
2024,7,204,10,1,
2024,7,204,11,1,
2024,7,204,12,1,
2024,8,59,1,1,
2024,8,59,2,1,
2024,8,59,3,1,
2024,8,59,4,1,
2024,8,59,5,1,
2024,8,59,6,1,
2024,8,59,7,1,
2024,8,59,8,1,
2024,8,59,9,1,
2024,8,59,10,3,**
2024,8,59,11,3,**
2024,8,59,12,3,**
2024,8,149,1,1,
2024,8,149,2,1,
2024,8,149,3,1,
2024,8,149,4,1,
2024,8,149,5,1,
2024,8,149,6,1,
2024,8,149,7,1,
2024,8,149,8,1,
2024,8,149,9,1,
2024,8,149,10,1,
2024,8,149,11,1,
2024,8,149,12,1,
2024,8,164,1,5,N/A
2024,8,164,2,5,N/A
2024,8,164,3,5,N/A
2024,8,164,4,5,N/A
2024,8,164,5,5,N/A
2024,8,164,6,5,N/A
2024,8,164,7,5,N/A
2024,8,164,8,5,N/A
2024,8,164,9,5,N/A
2024,8,164,10,5,N/A
2024,8,164,11,5,N/A
2024,8,164,12,5,N/A
2024,8,175,1,1,
2024,8,175,2,1,
2024,8,175,3,1,
2024,8,175,4,1,
2024,8,175,5,1,
2024,8,175,6,1,
2024,8,175,7,1,
2024,8,175,8,1,
2024,8,175,9,1,
2024,8,175,10,1,
2024,8,175,11,1,
2024,8,175,12,1,
2024,8,186,1,5,N/A
2024,8,186,2,5,N/A
2024,8,186,3,5,N/A
2024,8,186,4,5,N/A
2024,8,186,5,5,N/A
2024,8,186,6,5,N/A
2024,8,186,7,5,N/A
2024,8,186,8,5,N/A
2024,8,186,9,5,N/A
2024,8,186,10,5,N/A
2024,8,186,11,5,N/A
2024,8,186,12,5,N/A
2024,8,214,1,1,
2024,8,214,2,1,
2024,8,214,3,1,
2024,8,214,4,1,
2024,8,214,5,1,
2024,8,214,6,1,
2024,8,214,7,3,**
2024,8,214,8,1,
2024,8,214,9,3,**
2024,8,214,10,1,
2024,8,214,11,1,
2024,8,214,12,1,
2024,8,244,1,1,
2024,8,244,2,1,
2024,8,244,3,1,
2024,8,244,4,1,
2024,8,244,5,3,**
2024,8,244,6,3,**
2024,8,244,7,1,
2024,8,244,8,1,
2024,8,244,9,1,
2024,8,244,10,3,**
2024,8,244,11,3,**
2024,8,244,12,3,**
2024,8,262,1,5,N/A
2024,8,262,2,5,N/A
2024,8,262,3,5,N/A
2024,8,262,4,5,N/A
2024,8,262,5,5,N/A
2024,8,262,6,5,N/A
2024,8,262,7,5,N/A
2024,8,262,8,5,N/A
2024,8,262,9,5,N/A
2024,8,262,10,5,N/A
2024,8,262,11,5,N/A
2024,8,262,12,5,N/A
2024,8,316,1,1,
2024,8,316,2,1,
2024,8,316,3,1,
2024,8,316,4,1,
2024,8,316,5,1,
2024,8,316,6,1,
2024,8,316,7,1,
2024,8,316,8,1,
2024,8,316,9,1,
2024,8,316,10,3,**
2024,8,316,11,3,**
2024,8,316,12,3,**
2024,9,27,1,1,
2024,9,27,2,1,
2024,9,27,3,1,
2024,9,27,4,1,
2024,9,27,5,1,
2024,9,27,6,1,
2024,9,27,7,1,
2024,9,27,8,1,
2024,9,27,9,1,
2024,9,27,10,1,
2024,9,27,11,1,
2024,9,27,12,1,
2024,9,33,1,1,
2024,9,33,2,1,
2024,9,33,3,1,
2024,9,33,4,1,
2024,9,33,5,1,
2024,9,33,6,1,
2024,9,33,7,1,
2024,9,33,8,1,
2024,9,33,9,1,
2024,9,33,10,3,**
2024,9,33,11,1,
2024,9,33,12,3,**
2024,9,73,1,1,
2024,9,73,2,1,
2024,9,73,3,1,
2024,9,73,4,1,
2024,9,73,5,1,
2024,9,73,6,1,
2024,9,73,7,1,
2024,9,73,8,1,
2024,9,73,9,1,
2024,9,73,10,1,
2024,9,73,11,1,
2024,9,73,12,1,
2024,9,95,1,1,
2024,9,95,2,1,
2024,9,95,3,1,
2024,9,95,4,1,
2024,9,95,5,3,**
2024,9,95,6,1,
2024,9,95,7,3,**
2024,9,95,8,3,**
2024,9,95,9,3,**
2024,9,95,10,1,
2024,9,95,11,1,
2024,9,95,12,1,
2024,9,111,1,5,N/A
2024,9,111,2,5,N/A
2024,9,111,3,5,N/A
2024,9,111,4,5,N/A
2024,9,111,5,5,N/A
2024,9,111,6,5,N/A
2024,9,111,7,5,N/A
2024,9,111,8,5,N/A
2024,9,111,9,5,N/A
2024,9,111,10,5,N/A
2024,9,111,11,5,N/A
2024,9,111,12,5,N/A
2024,9,138,1,1,
2024,9,138,2,1,
2024,9,138,3,1,
2024,9,138,4,1,
2024,9,138,5,3,**
2024,9,138,6,1,
2024,9,138,7,1,
2024,9,138,8,3,**
2024,9,138,9,3,**
2024,9,138,10,1,
2024,9,138,11,1,
2024,9,138,12,1,
2024,9,182,1,1,
2024,9,182,2,1,
2024,9,182,3,1,
2024,9,182,4,1,
2024,9,182,5,1,
2024,9,182,6,1,
2024,9,182,7,1,
2024,9,182,8,1,
2024,9,182,9,1,
2024,9,182,10,1,
2024,9,182,11,1,
2024,9,182,12,1,
2024,9,200,1,1,
2024,9,200,2,1,
2024,9,200,3,1,
2024,9,200,4,1,
2024,9,200,5,1,
2024,9,200,6,1,
2024,9,200,7,1,
2024,9,200,8,1,
2024,9,200,9,1,
2024,9,200,10,1,
2024,9,200,11,1,
2024,9,200,12,1,
2024,9,251,1,5,N/A
2024,9,251,2,5,N/A
2024,9,251,3,5,N/A
2024,9,251,4,5,N/A
2024,9,251,5,5,N/A
2024,9,251,6,5,N/A
2024,9,251,7,5,N/A
2024,9,251,8,5,N/A
2024,9,251,9,5,N/A
2024,9,251,10,5,N/A
2024,9,251,11,5,N/A
2024,9,251,12,5,N/A
2024,9,289,1,3,**
2024,9,289,2,3,**
2024,9,289,3,3,**
2024,9,289,4,3,**
2024,9,289,5,3,**
2024,9,289,6,3,**
2024,9,289,7,3,**
2024,9,289,8,3,**
2024,9,289,9,3,**
2024,9,289,10,3,**
2024,9,289,11,3,**
2024,9,289,12,3,**
2024,9,301,1,1,
2024,9,301,2,1,
2024,9,301,3,1,
2024,9,301,4,1,
2024,9,301,5,1,
2024,9,301,6,1,
2024,9,301,7,1,
2024,9,301,8,1,
2024,9,301,9,1,
2024,9,301,10,1,
2024,9,301,11,1,
2024,9,301,12,1,
2024,9,320,1,1,
2024,9,320,2,1,
2024,9,320,3,1,
2024,9,320,4,1,
2024,9,320,5,1,
2024,9,320,6,1,
2024,9,320,7,1,
2024,9,320,8,1,
2024,9,320,9,1,
2024,9,320,10,3,**
2024,9,320,11,1,
2024,9,320,12,3,**
2024,9,347,1,1,
2024,9,347,2,1,
2024,9,347,3,1,
2024,9,347,4,1,
2024,9,347,5,1,
2024,9,347,6,1,
2024,9,347,7,1,
2024,9,347,8,1,
2024,9,347,9,1,
2024,9,347,10,1,
2024,9,347,11,1,
2024,9,347,12,1,
2024,10,5,1,1,
2024,10,5,2,1,
2024,10,5,3,1,
2024,10,5,4,1,
2024,10,5,5,1,
2024,10,5,6,3,**
2024,10,5,7,3,**
2024,10,5,8,1,
2024,10,5,9,3,**
2024,10,5,10,1,
2024,10,5,11,1,
2024,10,5,12,1,
2024,10,37,1,1,
2024,10,37,2,1,
2024,10,37,3,1,
2024,10,37,4,1,
2024,10,37,5,1,
2024,10,37,6,1,
2024,10,37,7,1,
2024,10,37,8,1,
2024,10,37,9,1,
2024,10,37,10,1,
2024,10,37,11,3,**
2024,10,37,12,3,**
2024,10,57,1,1,
2024,10,57,2,1,
2024,10,57,3,1,
2024,10,57,4,1,
2024,10,57,5,1,
2024,10,57,6,1,
2024,10,57,7,1,
2024,10,57,8,1,
2024,10,57,9,1,
2024,10,57,10,1,
2024,10,57,11,1,
2024,10,57,12,1,
2024,10,104,1,1,
2024,10,104,2,1,
2024,10,104,3,1,
2024,10,104,4,1,
2024,10,104,5,1,
2024,10,104,6,1,
2024,10,104,7,1,
2024,10,104,8,1,
2024,10,104,9,3,**
2024,10,104,10,1,
2024,10,104,11,1,
2024,10,104,12,1,
2024,10,124,1,1,
2024,10,124,2,1,
2024,10,124,3,1,
2024,10,124,4,1,
2024,10,124,5,1,
2024,10,124,6,1,
2024,10,124,7,1,
2024,10,124,8,1,
2024,10,124,9,1,
2024,10,124,10,3,**
2024,10,124,11,3,**
2024,10,124,12,3,**
2024,10,139,1,1,
2024,10,139,2,1,
2024,10,139,3,1,
2024,10,139,4,1,
2024,10,139,5,1,
2024,10,139,6,1,
2024,10,139,7,1,
2024,10,139,8,1,
2024,10,139,9,1,
2024,10,139,10,1,
2024,10,139,11,1,
2024,10,139,12,1,
2024,10,207,1,1,
2024,10,207,2,1,
2024,10,207,3,1,
2024,10,207,4,1,
2024,10,207,5,1,
2024,10,207,6,1,
2024,10,207,7,1,
2024,10,207,8,1,
2024,10,207,9,1,
2024,10,207,10,1,
2024,10,207,11,1,
2024,10,207,12,1,
2024,10,217,1,1,
2024,10,217,2,1,
2024,10,217,3,1,
2024,10,217,4,1,
2024,10,217,5,3,**
2024,10,217,6,1,
2024,10,217,7,1,
2024,10,217,8,1,
2024,10,217,9,1,
2024,10,217,10,3,**
2024,10,217,11,3,**
2024,10,217,12,3,**
2024,10,319,1,1,
2024,10,319,2,1,
2024,10,319,3,1,
2024,10,319,4,1,
2024,10,319,5,1,
2024,10,319,6,1,
2024,10,319,7,1,
2024,10,319,8,1,
2024,10,319,9,1,
2024,10,319,10,1,
2024,10,319,11,1,
2024,10,319,12,1,
2024,10,323,1,1,
2024,10,323,2,1,
2024,10,323,3,1,
2024,10,323,4,1,
2024,10,323,5,1,
2024,10,323,6,1,
2024,10,323,7,1,
2024,10,323,8,1,
2024,10,323,9,1,
2024,10,323,10,3,**
2024,10,323,11,1,
2024,10,323,12,3,**
2024,10,324,1,1,
2024,10,324,2,1,
2024,10,324,3,1,
2024,10,324,4,1,
2024,10,324,5,1,
2024,10,324,6,1,
2024,10,324,7,1,
2024,10,324,8,1,
2024,10,324,9,1,
2024,10,324,10,1,
2024,10,324,11,1,
2024,10,324,12,1,
2024,11,8,1,1,
2024,11,8,2,1,
2024,11,8,3,1,
2024,11,8,4,1,
2024,11,8,5,3,**
2024,11,8,6,3,**
2024,11,8,7,1,
2024,11,8,8,1,
2024,11,8,9,1,
2024,11,8,10,1,
2024,11,8,11,1,
2024,11,8,12,1,
2024,11,38,1,1,
2024,11,38,2,1,
2024,11,38,3,1,
2024,11,38,4,1,
2024,11,38,5,3,**
2024,11,38,6,1,
2024,11,38,7,3,**
2024,11,38,8,1,
2024,11,38,9,3,**
2024,11,38,10,1,
2024,11,38,11,1,
2024,11,38,12,1,
2024,11,39,1,1,
2024,11,39,2,1,
2024,11,39,3,1,
2024,11,39,4,1,
2024,11,39,5,1,
2024,11,39,6,1,
2024,11,39,7,1,
2024,11,39,8,1,
2024,11,39,9,1,
2024,11,39,10,1,
2024,11,39,11,1,
2024,11,39,12,1,
2024,11,71,1,1,
2024,11,71,2,1,
2024,11,71,3,1,
2024,11,71,4,1,
2024,11,71,5,1,
2024,11,71,6,1,
2024,11,71,7,1,
2024,11,71,8,1,
2024,11,71,9,1,
2024,11,71,10,1,
2024,11,71,11,1,
2024,11,71,12,1,
2024,11,120,1,5,N/A
2024,11,120,2,5,N/A
2024,11,120,3,5,N/A
2024,11,120,4,5,N/A
2024,11,120,5,5,N/A
2024,11,120,6,5,N/A
2024,11,120,7,5,N/A
2024,11,120,8,5,N/A
2024,11,120,9,5,N/A
2024,11,120,10,5,N/A
2024,11,120,11,5,N/A
2024,11,120,12,5,N/A
2024,11,145,1,1,
2024,11,145,2,1,
2024,11,145,3,1,
2024,11,145,4,1,
2024,11,145,5,1,
2024,11,145,6,1,
2024,11,145,7,1,
2024,11,145,8,1,
2024,11,145,9,1,
2024,11,145,10,1,
2024,11,145,11,1,
2024,11,145,12,1,
2024,11,239,1,1,
2024,11,239,2,1,
2024,11,239,3,1,
2024,11,239,4,1,
2024,11,239,5,1,
2024,11,239,6,1,
2024,11,239,7,1,
2024,11,239,8,1,
2024,11,239,9,1,
2024,11,239,10,3,**
2024,11,239,11,3,**
2024,11,239,12,3,**
2024,11,274,1,3,**
2024,11,274,2,3,**
2024,11,274,3,3,**
2024,11,274,4,3,**
2024,11,274,5,3,**
2024,11,274,6,3,**
2024,11,274,7,3,**
2024,11,274,8,3,**
2024,11,274,9,3,**
2024,11,274,10,3,**
2024,11,274,11,3,**
2024,11,274,12,3,**
2024,11,299,1,1,
2024,11,299,2,1,
2024,11,299,3,1,
2024,11,299,4,1,
2024,11,299,5,1,
2024,11,299,6,1,
2024,11,299,7,1,
2024,11,299,8,1,
2024,11,299,9,1,
2024,11,299,10,1,
2024,11,299,11,1,
2024,11,299,12,1,
2024,11,311,1,1,
2024,11,311,2,1,
2024,11,311,3,1,
2024,11,311,4,1,
2024,11,311,5,1,
2024,11,311,6,1,
2024,11,311,7,1,
2024,11,311,8,3,**
2024,11,311,9,3,**
2024,11,311,10,3,**
2024,11,311,11,1,
2024,11,311,12,3,**
2024,11,329,1,1,
2024,11,329,2,1,
2024,11,329,3,1,
2024,11,329,4,1,
2024,11,329,5,1,
2024,11,329,6,1,
2024,11,329,7,1,
2024,11,329,8,1,
2024,11,329,9,1,
2024,11,329,10,1,
2024,11,329,11,3,**
2024,11,329,12,3,**
2024,11,340,1,1,
2024,11,340,2,1,
2024,11,340,3,1,
2024,11,340,4,1,
2024,11,340,5,1,
2024,11,340,6,1,
2024,11,340,7,1,
2024,11,340,8,1,
2024,11,340,9,1,
2024,11,340,10,1,
2024,11,340,11,1,
2024,11,340,12,1,
2024,12,22,1,1,
2024,12,22,2,1,
2024,12,22,3,1,
2024,12,22,4,1,
2024,12,22,5,1,
2024,12,22,6,1,
2024,12,22,7,1,
2024,12,22,8,1,
2024,12,22,9,1,
2024,12,22,10,1,
2024,12,22,11,3,**
2024,12,22,12,3,**
2024,12,23,1,1,
2024,12,23,2,1,
2024,12,23,3,1,
2024,12,23,4,1,
2024,12,23,5,1,
2024,12,23,6,1,
2024,12,23,7,1,
2024,12,23,8,1,
2024,12,23,9,1,
2024,12,23,10,1,
2024,12,23,11,1,
2024,12,23,12,1,
2024,12,79,1,1,
2024,12,79,2,1,
2024,12,79,3,1,
2024,12,79,4,1,
2024,12,79,5,1,
2024,12,79,6,1,
2024,12,79,7,1,
2024,12,79,8,1,
2024,12,79,9,1,
2024,12,79,10,3,**
2024,12,79,11,1,
2024,12,79,12,3,**
2024,12,87,1,1,
2024,12,87,2,1,
2024,12,87,3,3,**
2024,12,87,4,3,**
2024,12,87,5,1,
2024,12,87,6,3,**
2024,12,87,7,1,
2024,12,87,8,1,
2024,12,87,9,1,
2024,12,87,10,1,
2024,12,87,11,1,
2024,12,87,12,1,
2024,12,109,1,1,
2024,12,109,2,1,
2024,12,109,3,1,
2024,12,109,4,1,
2024,12,109,5,1,
2024,12,109,6,1,
2024,12,109,7,3,**
2024,12,109,8,1,
2024,12,109,9,3,**
2024,12,109,10,1,
2024,12,109,11,1,
2024,12,109,12,1,
2024,12,112,1,1,
2024,12,112,2,1,
2024,12,112,3,1,
2024,12,112,4,1,
2024,12,112,5,1,
2024,12,112,6,1,
2024,12,112,7,1,
2024,12,112,8,1,
2024,12,112,9,1,
2024,12,112,10,3,**
2024,12,112,11,1,
2024,12,112,12,3,**
2024,12,128,1,5,N/A
2024,12,128,2,5,N/A
2024,12,128,3,5,N/A
2024,12,128,4,5,N/A
2024,12,128,5,5,N/A
2024,12,128,6,5,N/A
2024,12,128,7,5,N/A
2024,12,128,8,5,N/A
2024,12,128,9,5,N/A
2024,12,128,10,5,N/A
2024,12,128,11,5,N/A
2024,12,128,12,5,N/A
2024,12,195,1,1,
2024,12,195,2,1,
2024,12,195,3,1,
2024,12,195,4,1,
2024,12,195,5,1,
2024,12,195,6,1,
2024,12,195,7,1,
2024,12,195,8,3,**
2024,12,195,9,3,**
2024,12,195,10,3,**
2024,12,195,11,1,
2024,12,195,12,3,**
2024,12,209,1,1,
2024,12,209,2,1,
2024,12,209,3,1,
2024,12,209,4,1,
2024,12,209,5,1,
2024,12,209,6,1,
2024,12,209,7,1,
2024,12,209,8,1,
2024,12,209,9,1,
2024,12,209,10,1,
2024,12,209,11,1,
2024,12,209,12,1,
2024,12,216,1,1,
2024,12,216,2,1,
2024,12,216,3,1,
2024,12,216,4,1,
2024,12,216,5,1,
2024,12,216,6,1,
2024,12,216,7,1,
2024,12,216,8,3,**
2024,12,216,9,3,**
2024,12,216,10,1,
2024,12,216,11,1,
2024,12,216,12,1,
2024,12,223,1,1,
2024,12,223,2,1,
2024,12,223,3,1,
2024,12,223,4,1,
2024,12,223,5,1,
2024,12,223,6,1,
2024,12,223,7,1,
2024,12,223,8,1,
2024,12,223,9,1,
2024,12,223,10,1,
2024,12,223,11,1,
2024,12,223,12,1,
2024,12,247,1,1,
2024,12,247,2,1,
2024,12,247,3,1,
2024,12,247,4,1,
2024,12,247,5,1,
2024,12,247,6,1,
2024,12,247,7,1,
2024,12,247,8,1,
2024,12,247,9,1,
2024,12,247,10,1,
2024,12,247,11,1,
2024,12,247,12,1,
2024,12,261,1,1,
2024,12,261,2,1,
2024,12,261,3,1,
2024,12,261,4,1,
2024,12,261,5,1,
2024,12,261,6,1,
2024,12,261,7,1,
2024,12,261,8,1,
2024,12,261,9,1,
2024,12,261,10,1,
2024,12,261,11,1,
2024,12,261,12,1,
2024,12,272,1,1,
2024,12,272,2,1,
2024,12,272,3,1,
2024,12,272,4,1,
2024,12,272,5,1,
2024,12,272,6,1,
2024,12,272,7,1,
2024,12,272,8,1,
2024,12,272,9,1,
2024,12,272,10,1,
2024,12,272,11,1,
2024,12,272,12,1,
2024,12,304,1,1,
2024,12,304,2,1,
2024,12,304,3,1,
2024,12,304,4,1,
2024,12,304,5,1,
2024,12,304,6,1,
2024,12,304,7,3,**
2024,12,304,8,3,**
2024,12,304,9,3,**
2024,12,304,10,1,
2024,12,304,11,1,
2024,12,304,12,1,
2024,12,325,1,1,
2024,12,325,2,1,
2024,12,325,3,1,
2024,12,325,4,1,
2024,12,325,5,3,**
2024,12,325,6,1,
2024,12,325,7,3,**
2024,12,325,8,3,**
2024,12,325,9,3,**
2024,12,325,10,1,
2024,12,325,11,1,
2024,12,325,12,1,
2024,12,339,1,1,
2024,12,339,2,1,
2024,12,339,3,1,
2024,12,339,4,1,
2024,12,339,5,1,
2024,12,339,6,1,
2024,12,339,7,1,
2024,12,339,8,1,
2024,12,339,9,1,
2024,12,339,10,1,
2024,12,339,11,3,**
2024,12,339,12,3,**
2024,13,76,1,1,
2024,13,76,2,1,
2024,13,76,3,3,**
2024,13,76,4,1,
2024,13,76,5,1,
2024,13,76,6,3,**
2024,13,76,7,1,
2024,13,76,8,1,
2024,13,76,9,1,
2024,13,76,10,3,**
2024,13,76,11,3,**
2024,13,76,12,3,**
2024,13,84,1,1,
2024,13,84,2,1,
2024,13,84,3,1,
2024,13,84,4,1,
2024,13,84,5,1,
2024,13,84,6,1,
2024,13,84,7,3,**
2024,13,84,8,3,**
2024,13,84,9,3,**
2024,13,84,10,1,
2024,13,84,11,1,
2024,13,84,12,1,
2024,13,94,1,1,
2024,13,94,2,1,
2024,13,94,3,1,
2024,13,94,4,1,
2024,13,94,5,1,
2024,13,94,6,1,
2024,13,94,7,1,
2024,13,94,8,1,
2024,13,94,9,1,
2024,13,94,10,1,
2024,13,94,11,1,
2024,13,94,12,1,
2024,13,107,1,1,
2024,13,107,2,1,
2024,13,107,3,1,
2024,13,107,4,1,
2024,13,107,5,1,
2024,13,107,6,1,
2024,13,107,7,1,
2024,13,107,8,1,
2024,13,107,9,1,
2024,13,107,10,1,
2024,13,107,11,1,
2024,13,107,12,1,
2024,13,113,1,1,
2024,13,113,2,1,
2024,13,113,3,1,
2024,13,113,4,1,
2024,13,113,5,1,
2024,13,113,6,1,
2024,13,113,7,1,
2024,13,113,8,1,
2024,13,113,9,1,
2024,13,113,10,3,**
2024,13,113,11,3,**
2024,13,113,12,3,**
2024,13,129,1,1,
2024,13,129,2,1,
2024,13,129,3,1,
2024,13,129,4,1,
2024,13,129,5,1,
2024,13,129,6,1,
2024,13,129,7,3,**
2024,13,129,8,3,**
2024,13,129,9,3,**
2024,13,129,10,1,
2024,13,129,11,1,
2024,13,129,12,1,
2024,13,140,1,1,
2024,13,140,2,1,
2024,13,140,3,1,
2024,13,140,4,1,
2024,13,140,5,1,
2024,13,140,6,1,
2024,13,140,7,3,**
2024,13,140,8,1,
2024,13,140,9,3,**
2024,13,140,10,1,
2024,13,140,11,1,
2024,13,140,12,1,
2024,13,159,1,1,
2024,13,159,2,1,
2024,13,159,3,1,
2024,13,159,4,1,
2024,13,159,5,1,
2024,13,159,6,1,
2024,13,159,7,1,
2024,13,159,8,3,**
2024,13,159,9,3,**
2024,13,159,10,1,
2024,13,159,11,1,
2024,13,159,12,1,
2024,13,166,1,1,
2024,13,166,2,1,
2024,13,166,3,1,
2024,13,166,4,1,
2024,13,166,5,1,
2024,13,166,6,1,
2024,13,166,7,1,
2024,13,166,8,1,
2024,13,166,9,1,
2024,13,166,10,1,
2024,13,166,11,1,
2024,13,166,12,1,
2024,13,177,1,1,
2024,13,177,2,1,
2024,13,177,3,1,
2024,13,177,4,1,
2024,13,177,5,1,
2024,13,177,6,1,
2024,13,177,7,1,
2024,13,177,8,1,
2024,13,177,9,1,
2024,13,177,10,1,
2024,13,177,11,1,
2024,13,177,12,1,
2024,13,197,1,1,
2024,13,197,2,1,
2024,13,197,3,1,
2024,13,197,4,1,
2024,13,197,5,1,
2024,13,197,6,1,
2024,13,197,7,3,**
2024,13,197,8,1,
2024,13,197,9,3,**
2024,13,197,10,1,
2024,13,197,11,1,
2024,13,197,12,1,
2024,13,236,1,1,
2024,13,236,2,1,
2024,13,236,3,1,
2024,13,236,4,1,
2024,13,236,5,1,
2024,13,236,6,1,
2024,13,236,7,1,
2024,13,236,8,1,
2024,13,236,9,1,
2024,13,236,10,1,
2024,13,236,11,1,
2024,13,236,12,1,
2024,13,288,1,1,
2024,13,288,2,1,
2024,13,288,3,1,
2024,13,288,4,1,
2024,13,288,5,3,**
2024,13,288,6,1,
2024,13,288,7,1,
2024,13,288,8,1,
2024,13,288,9,1,
2024,13,288,10,1,
2024,13,288,11,1,
2024,13,288,12,1,
2024,13,326,1,1,
2024,13,326,2,1,
2024,13,326,3,1,
2024,13,326,4,1,
2024,13,326,5,1,
2024,13,326,6,1,
2024,13,326,7,1,
2024,13,326,8,1,
2024,13,326,9,1,
2024,13,326,10,3,**
2024,13,326,11,1,
2024,13,326,12,3,**
2024,13,327,1,1,
2024,13,327,2,1,
2024,13,327,3,1,
2024,13,327,4,1,
2024,13,327,5,1,
2024,13,327,6,1,
2024,13,327,7,1,
2024,13,327,8,1,
2024,13,327,9,1,
2024,13,327,10,1,
2024,13,327,11,1,
2024,13,327,12,1,
2024,13,346,1,1,
2024,13,346,2,1,
2024,13,346,3,1,
2024,13,346,4,1,
2024,13,346,5,1,
2024,13,346,6,1,
2024,13,346,7,3,**
2024,13,346,8,1,
2024,13,346,9,3,**
2024,13,346,10,1,
2024,13,346,11,1,
2024,13,346,12,1,
2024,14,4,1,3,**
2024,14,4,2,1,
2024,14,4,3,3,**
2024,14,4,4,1,
2024,14,4,5,1,
2024,14,4,6,3,**
2024,14,4,7,1,
2024,14,4,8,1,
2024,14,4,9,1,
2024,14,4,10,3,**
2024,14,4,11,1,
2024,14,4,12,3,**
2024,14,44,1,5,N/A
2024,14,44,2,5,N/A
2024,14,44,3,5,N/A
2024,14,44,4,5,N/A
2024,14,44,5,5,N/A
2024,14,44,6,5,N/A
2024,14,44,7,5,N/A
2024,14,44,8,5,N/A
2024,14,44,9,5,N/A
2024,14,44,10,5,N/A
2024,14,44,11,5,N/A
2024,14,44,12,5,N/A
2024,14,167,1,1,
2024,14,167,2,1,
2024,14,167,3,1,
2024,14,167,4,1,
2024,14,167,5,3,**
2024,14,167,6,1,
2024,14,167,7,3,**
2024,14,167,8,1,
2024,14,167,9,3,**
2024,14,167,10,1,
2024,14,167,11,1,
2024,14,167,12,1,
2024,14,169,1,1,
2024,14,169,2,1,
2024,14,169,3,1,
2024,14,169,4,1,
2024,14,169,5,1,
2024,14,169,6,1,
2024,14,169,7,1,
2024,14,169,8,1,
2024,14,169,9,1,
2024,14,169,10,1,
2024,14,169,11,1,
2024,14,169,12,1,
2024,14,170,1,1,
2024,14,170,2,1,
2024,14,170,3,1,
2024,14,170,4,1,
2024,14,170,5,1,
2024,14,170,6,1,
2024,14,170,7,3,**
2024,14,170,8,1,
2024,14,170,9,3,**
2024,14,170,10,1,
2024,14,170,11,1,
2024,14,170,12,1,
2024,14,189,1,1,
2024,14,189,2,1,
2024,14,189,3,1,
2024,14,189,4,1,
2024,14,189,5,1,
2024,14,189,6,1,
2024,14,189,7,1,
2024,14,189,8,1,
2024,14,189,9,1,
2024,14,189,10,3,**
2024,14,189,11,3,**
2024,14,189,12,3,**
2024,14,279,1,1,
2024,14,279,2,1,
2024,14,279,3,1,
2024,14,279,4,1,
2024,14,279,5,1,
2024,14,279,6,1,
2024,14,279,7,1,
2024,14,279,8,1,
2024,14,279,9,1,
2024,14,279,10,1,
2024,14,279,11,1,
2024,14,279,12,1,
2024,14,290,1,1,
2024,14,290,2,1,
2024,14,290,3,1,
2024,14,290,4,1,
2024,14,290,5,1,
2024,14,290,6,1,
2024,14,290,7,1,
2024,14,290,8,1,
2024,14,290,9,1,
2024,14,290,10,1,
2024,14,290,11,1,
2024,14,290,12,1,
2024,14,310,1,1,
2024,14,310,2,1,
2024,14,310,3,1,
2024,14,310,4,1,
2024,14,310,5,1,
2024,14,310,6,1,
2024,14,310,7,1,
2024,14,310,8,1,
2024,14,310,9,1,
2024,14,310,10,1,
2024,14,310,11,1,
2024,14,310,12,1,
2024,14,333,1,1,
2024,14,333,2,1,
2024,14,333,3,1,
2024,14,333,4,1,
2024,14,333,5,1,
2024,14,333,6,1,
2024,14,333,7,1,
2024,14,333,8,1,
2024,14,333,9,1,
2024,14,333,10,1,
2024,14,333,11,1,
2024,14,333,12,1,
2024,15,52,1,1,
2024,15,52,2,1,
2024,15,52,3,1,
2024,15,52,4,3,**
2024,15,52,5,3,**
2024,15,52,6,1,
2024,15,52,7,1,
2024,15,52,8,3,**
2024,15,52,9,3,**
2024,15,52,10,3,**
2024,15,52,11,1,
2024,15,52,12,3,**
2024,15,85,1,1,
2024,15,85,2,1,
2024,15,85,3,1,
2024,15,85,4,1,
2024,15,85,5,1,
2024,15,85,6,1,
2024,15,85,7,1,
2024,15,85,8,1,
2024,15,85,9,1,
2024,15,85,10,1,
2024,15,85,11,3,**
2024,15,85,12,3,**
2024,15,92,1,1,
2024,15,92,2,1,
2024,15,92,3,1,
2024,15,92,4,1,
2024,15,92,5,1,
2024,15,92,6,1,
2024,15,92,7,1,
2024,15,92,8,1,
2024,15,92,9,1,
2024,15,92,10,1,
2024,15,92,11,3,**
2024,15,92,12,3,**
2024,15,211,1,1,
2024,15,211,2,1,
2024,15,211,3,1,
2024,15,211,4,1,
2024,15,211,5,1,
2024,15,211,6,1,
2024,15,211,7,1,
2024,15,211,8,1,
2024,15,211,9,1,
2024,15,211,10,1,
2024,15,211,11,1,
2024,15,211,12,1,
2024,15,248,1,1,
2024,15,248,2,1,
2024,15,248,3,1,
2024,15,248,4,1,
2024,15,248,5,1,
2024,15,248,6,1,
2024,15,248,7,1,
2024,15,248,8,3,**
2024,15,248,9,3,**
2024,15,248,10,1,
2024,15,248,11,1,
2024,15,248,12,1,
2024,15,318,1,1,
2024,15,318,2,1,
2024,15,318,3,1,
2024,15,318,4,1,
2024,15,318,5,3,**
2024,15,318,6,1,
2024,15,318,7,1,
2024,15,318,8,1,
2024,15,318,9,1,
2024,15,318,10,3,**
2024,15,318,11,3,**
2024,15,318,12,3,**
2024,16,6,1,1,
2024,16,6,2,1,
2024,16,6,3,1,
2024,16,6,4,1,
2024,16,6,5,1,
2024,16,6,6,1,
2024,16,6,7,1,
2024,16,6,8,1,
2024,16,6,9,1,
2024,16,6,10,1,
2024,16,6,11,1,
2024,16,6,12,1,
2024,16,16,1,1,
2024,16,16,2,1,
2024,16,16,3,1,
2024,16,16,4,1,
2024,16,16,5,1,
2024,16,16,6,1,
2024,16,16,7,1,
2024,16,16,8,1,
2024,16,16,9,1,
2024,16,16,10,3,**
2024,16,16,11,1,
2024,16,16,12,3,**
2024,16,30,1,1,
2024,16,30,2,1,
2024,16,30,3,1,
2024,16,30,4,1,
2024,16,30,5,1,
2024,16,30,6,1,
2024,16,30,7,1,
2024,16,30,8,1,
2024,16,30,9,1,
2024,16,30,10,1,
2024,16,30,11,1,
2024,16,30,12,1,
2024,16,93,1,1,
2024,16,93,2,1,
2024,16,93,3,1,
2024,16,93,4,1,
2024,16,93,5,1,
2024,16,93,6,1,
2024,16,93,7,1,
2024,16,93,8,3,**
2024,16,93,9,3,**
2024,16,93,10,1,
2024,16,93,11,1,
2024,16,93,12,1,
2024,16,183,1,1,
2024,16,183,2,1,
2024,16,183,3,1,
2024,16,183,4,1,
2024,16,183,5,1,
2024,16,183,6,1,
2024,16,183,7,1,
2024,16,183,8,1,
2024,16,183,9,1,
2024,16,183,10,3,**
2024,16,183,11,3,**
2024,16,183,12,3,**
2024,16,184,1,1,
2024,16,184,2,1,
2024,16,184,3,1,
2024,16,184,4,1,
2024,16,184,5,1,
2024,16,184,6,1,
2024,16,184,7,1,
2024,16,184,8,1,
2024,16,184,9,1,
2024,16,184,10,1,
2024,16,184,11,1,
2024,16,184,12,1,
2024,16,190,1,1,
2024,16,190,2,1,
2024,16,190,3,1,
2024,16,190,4,1,
2024,16,190,5,1,
2024,16,190,6,1,
2024,16,190,7,1,
2024,16,190,8,1,
2024,16,190,9,1,
2024,16,190,10,1,
2024,16,190,11,1,
2024,16,190,12,1,
2024,16,224,1,1,
2024,16,224,2,1,
2024,16,224,3,1,
2024,16,224,4,1,
2024,16,224,5,1,
2024,16,224,6,1,
2024,16,224,7,1,
2024,16,224,8,1,
2024,16,224,9,1,
2024,16,224,10,1,
2024,16,224,11,1,
2024,16,224,12,1,
2024,16,238,1,1,
2024,16,238,2,1,
2024,16,238,3,1,
2024,16,238,4,1,
2024,16,238,5,1,
2024,16,238,6,1,
2024,16,238,7,1,
2024,16,238,8,1,
2024,16,238,9,1,
2024,16,238,10,1,
2024,16,238,11,1,
2024,16,238,12,1,
2024,16,257,1,1,
2024,16,257,2,1,
2024,16,257,3,1,
2024,16,257,4,1,
2024,16,257,5,1,
2024,16,257,6,1,
2024,16,257,7,1,
2024,16,257,8,1,
2024,16,257,9,1,
2024,16,257,10,3,**
2024,16,257,11,3,**
2024,16,257,12,3,**
2024,16,269,1,1,
2024,16,269,2,1,
2024,16,269,3,1,
2024,16,269,4,1,
2024,16,269,5,1,
2024,16,269,6,1,
2024,16,269,7,1,
2024,16,269,8,3,**
2024,16,269,9,3,**
2024,16,269,10,3,**
2024,16,269,11,1,
2024,16,269,12,3,**
2024,16,287,1,1,
2024,16,287,2,1,
2024,16,287,3,1,
2024,16,287,4,1,
2024,16,287,5,1,
2024,16,287,6,1,
2024,16,287,7,3,**
2024,16,287,8,3,**
2024,16,287,9,3,**
2024,16,287,10,1,
2024,16,287,11,1,
2024,16,287,12,1,
2024,16,317,1,1,
2024,16,317,2,1,
2024,16,317,3,1,
2024,16,317,4,1,
2024,16,317,5,1,
2024,16,317,6,1,
2024,16,317,7,3,**
2024,16,317,8,3,**
2024,16,317,9,3,**
2024,16,317,10,1,
2024,16,317,11,1,
2024,16,317,12,1,
2024,16,321,1,1,
2024,16,321,2,1,
2024,16,321,3,1,
2024,16,321,4,1,
2024,16,321,5,3,**
2024,16,321,6,3,**
2024,16,321,7,1,
2024,16,321,8,1,
2024,16,321,9,1,
2024,16,321,10,3,**
2024,16,321,11,3,**
2024,16,321,12,3,**
2024,17,67,1,1,
2024,17,67,2,1,
2024,17,67,3,1,
2024,17,67,4,1,
2024,17,67,5,1,
2024,17,67,6,1,
2024,17,67,7,1,
2024,17,67,8,1,
2024,17,67,9,1,
2024,17,67,10,1,
2024,17,67,11,1,
2024,17,67,12,1,
2024,17,115,1,1,
2024,17,115,2,1,
2024,17,115,3,1,
2024,17,115,4,1,
2024,17,115,5,1,
2024,17,115,6,1,
2024,17,115,7,1,
2024,17,115,8,1,
2024,17,115,9,1,
2024,17,115,10,1,
2024,17,115,11,1,
2024,17,115,12,1,
2024,17,255,1,1,
2024,17,255,2,1,
2024,17,255,3,1,
2024,17,255,4,1,
2024,17,255,5,1,
2024,17,255,6,1,
2024,17,255,7,1,
2024,17,255,8,1,
2024,17,255,9,1,
2024,17,255,10,1,
2024,17,255,11,1,
2024,17,255,12,1,
2024,17,264,1,1,
2024,17,264,2,1,
2024,17,264,3,1,
2024,17,264,4,1,
2024,17,264,5,3,**
2024,17,264,6,3,**
2024,17,264,7,1,
2024,17,264,8,1,
2024,17,264,9,1,
2024,17,264,10,3,**
2024,17,264,11,1,
2024,17,264,12,3,**
2024,17,306,1,1,
2024,17,306,2,1,
2024,17,306,3,1,
2024,17,306,4,1,
2024,17,306,5,1,
2024,17,306,6,1,
2024,17,306,7,1,
2024,17,306,8,1,
2024,17,306,9,1,
2024,17,306,10,3,**
2024,17,306,11,3,**
2024,17,306,12,3,**
2024,18,15,1,5,N/A
2024,18,15,2,5,N/A
2024,18,15,3,5,N/A
2024,18,15,4,5,N/A
2024,18,15,5,5,N/A
2024,18,15,6,5,N/A
2024,18,15,7,5,N/A
2024,18,15,8,5,N/A
2024,18,15,9,5,N/A
2024,18,15,10,5,N/A
2024,18,15,11,5,N/A
2024,18,15,12,5,N/A
2024,18,43,1,1,
2024,18,43,2,1,
2024,18,43,3,1,
2024,18,43,4,1,
2024,18,43,5,1,
2024,18,43,6,1,
2024,18,43,7,1,
2024,18,43,8,1,
2024,18,43,9,1,
2024,18,43,10,1,
2024,18,43,11,3,**
2024,18,43,12,3,**
2024,18,78,1,1,
2024,18,78,2,1,
2024,18,78,3,1,
2024,18,78,4,1,
2024,18,78,5,1,
2024,18,78,6,1,
2024,18,78,7,1,
2024,18,78,8,1,
2024,18,78,9,1,
2024,18,78,10,1,
2024,18,78,11,3,**
2024,18,78,12,3,**
2024,18,147,1,1,
2024,18,147,2,1,
2024,18,147,3,1,
2024,18,147,4,1,
2024,18,147,5,1,
2024,18,147,6,1,
2024,18,147,7,1,
2024,18,147,8,1,
2024,18,147,9,1,
2024,18,147,10,1,
2024,18,147,11,1,
2024,18,147,12,1,
2024,18,163,1,1,
2024,18,163,2,1,
2024,18,163,3,1,
2024,18,163,4,1,
2024,18,163,5,3,**
2024,18,163,6,1,
2024,18,163,7,1,
2024,18,163,8,1,
2024,18,163,9,1,
2024,18,163,10,1,
2024,18,163,11,1,
2024,18,163,12,1,
2024,18,172,1,1,
2024,18,172,2,1,
2024,18,172,3,1,
2024,18,172,4,1,
2024,18,172,5,3,**
2024,18,172,6,1,
2024,18,172,7,1,
2024,18,172,8,1,
2024,18,172,9,1,
2024,18,172,10,1,
2024,18,172,11,3,**
2024,18,172,12,3,**
2024,18,191,1,1,
2024,18,191,2,1,
2024,18,191,3,1,
2024,18,191,4,1,
2024,18,191,5,1,
2024,18,191,6,1,
2024,18,191,7,1,
2024,18,191,8,1,
2024,18,191,9,1,
2024,18,191,10,1,
2024,18,191,11,3,**
2024,18,191,12,3,**
2024,18,253,1,5,N/A
2024,18,253,2,5,N/A
2024,18,253,3,5,N/A
2024,18,253,4,5,N/A
2024,18,253,5,5,N/A
2024,18,253,6,5,N/A
2024,18,253,7,5,N/A
2024,18,253,8,5,N/A
2024,18,253,9,5,N/A
2024,18,253,10,5,N/A
2024,18,253,11,5,N/A
2024,18,253,12,5,N/A
2024,18,337,1,1,
2024,18,337,2,1,
2024,18,337,3,1,
2024,18,337,4,1,
2024,18,337,5,1,
2024,18,337,6,1,
2024,18,337,7,1,
2024,18,337,8,1,
2024,18,337,9,1,
2024,18,337,10,1,
2024,18,337,11,1,
2024,18,337,12,1,
2024,19,13,1,5,N/A
2024,19,13,2,5,N/A
2024,19,13,3,5,N/A
2024,19,13,4,5,N/A
2024,19,13,5,5,N/A
2024,19,13,6,5,N/A
2024,19,13,7,5,N/A
2024,19,13,8,5,N/A
2024,19,13,9,5,N/A
2024,19,13,10,5,N/A
2024,19,13,11,5,N/A
2024,19,13,12,5,N/A
2024,19,192,1,1,
2024,19,192,2,1,
2024,19,192,3,1,
2024,19,192,4,1,
2024,19,192,5,1,
2024,19,192,6,1,
2024,19,192,7,1,
2024,19,192,8,1,
2024,19,192,9,1,
2024,19,192,10,3,**
2024,19,192,11,1,
2024,19,192,12,3,**
2024,19,199,1,1,
2024,19,199,2,1,
2024,19,199,3,1,
2024,19,199,4,1,
2024,19,199,5,3,**
2024,19,199,6,1,
2024,19,199,7,1,
2024,19,199,8,1,
2024,19,199,9,1,
2024,19,199,10,1,
2024,19,199,11,1,
2024,19,199,12,1,
2024,19,252,1,1,
2024,19,252,2,1,
2024,19,252,3,1,
2024,19,252,4,1,
2024,19,252,5,1,
2024,19,252,6,1,
2024,19,252,7,1,
2024,19,252,8,1,
2024,19,252,9,1,
2024,19,252,10,1,
2024,19,252,11,1,
2024,19,252,12,1,
2024,19,265,1,1,
2024,19,265,2,1,
2024,19,265,3,1,
2024,19,265,4,1,
2024,19,265,5,1,
2024,19,265,6,1,
2024,19,265,7,1,
2024,19,265,8,1,
2024,19,265,9,1,
2024,19,265,10,3,**
2024,19,265,11,3,**
2024,19,265,12,3,**
2024,19,303,1,1,
2024,19,303,2,1,
2024,19,303,3,1,
2024,19,303,4,1,
2024,19,303,5,3,**
2024,19,303,6,3,**
2024,19,303,7,3,**
2024,19,303,8,3,**
2024,19,303,9,3,**
2024,19,303,10,1,
2024,19,303,11,1,
2024,19,303,12,1,
2024,19,328,1,1,
2024,19,328,2,1,
2024,19,328,3,1,
2024,19,328,4,1,
2024,19,328,5,1,
2024,19,328,6,1,
2024,19,328,7,1,
2024,19,328,8,1,
2024,19,328,9,1,
2024,19,328,10,1,
2024,19,328,11,1,
2024,19,328,12,1,
2024,20,60,1,5,N/A
2024,20,60,2,5,N/A
2024,20,60,3,5,N/A
2024,20,60,4,5,N/A
2024,20,60,5,5,N/A
2024,20,60,6,5,N/A
2024,20,60,7,5,N/A
2024,20,60,8,5,N/A
2024,20,60,9,5,N/A
2024,20,60,10,5,N/A
2024,20,60,11,5,N/A
2024,20,60,12,5,N/A
2024,20,74,1,1,
2024,20,74,2,1,
2024,20,74,3,1,
2024,20,74,4,1,
2024,20,74,5,1,
2024,20,74,6,1,
2024,20,74,7,1,
2024,20,74,8,1,
2024,20,74,9,1,
2024,20,74,10,3,**
2024,20,74,11,1,
2024,20,74,12,3,**
2024,20,75,1,1,
2024,20,75,2,1,
2024,20,75,3,1,
2024,20,75,4,1,
2024,20,75,5,1,
2024,20,75,6,1,
2024,20,75,7,1,
2024,20,75,8,1,
2024,20,75,9,1,
2024,20,75,10,1,
2024,20,75,11,1,
2024,20,75,12,1,
2024,20,90,1,5,N/A
2024,20,90,2,5,N/A
2024,20,90,3,5,N/A
2024,20,90,4,5,N/A
2024,20,90,5,5,N/A
2024,20,90,6,5,N/A
2024,20,90,7,5,N/A
2024,20,90,8,5,N/A
2024,20,90,9,5,N/A
2024,20,90,10,5,N/A
2024,20,90,11,5,N/A
2024,20,90,12,5,N/A
2024,20,100,1,1,
2024,20,100,2,1,
2024,20,100,3,1,
2024,20,100,4,1,
2024,20,100,5,1,
2024,20,100,6,1,
2024,20,100,7,1,
2024,20,100,8,1,
2024,20,100,9,1,
2024,20,100,10,1,
2024,20,100,11,3,**
2024,20,100,12,3,**
2024,20,110,1,1,
2024,20,110,2,1,
2024,20,110,3,1,
2024,20,110,4,1,
2024,20,110,5,1,
2024,20,110,6,1,
2024,20,110,7,1,
2024,20,110,8,3,**
2024,20,110,9,3,**
2024,20,110,10,1,
2024,20,110,11,1,
2024,20,110,12,1,
2024,20,133,1,1,
2024,20,133,2,1,
2024,20,133,3,1,
2024,20,133,4,1,
2024,20,133,5,1,
2024,20,133,6,1,
2024,20,133,7,1,
2024,20,133,8,1,
2024,20,133,9,1,
2024,20,133,10,3,**
2024,20,133,11,3,**
2024,20,133,12,3,**
2024,20,143,1,1,
2024,20,143,2,1,
2024,20,143,3,1,
2024,20,143,4,1,
2024,20,143,5,1,
2024,20,143,6,1,
2024,20,143,7,3,**
2024,20,143,8,3,**
2024,20,143,9,3,**
2024,20,143,10,1,
2024,20,143,11,1,
2024,20,143,12,1,
2024,20,150,1,1,
2024,20,150,2,1,
2024,20,150,3,1,
2024,20,150,4,1,
2024,20,150,5,1,
2024,20,150,6,1,
2024,20,150,7,1,
2024,20,150,8,1,
2024,20,150,9,1,
2024,20,150,10,1,
2024,20,150,11,1,
2024,20,150,12,1,
2024,20,156,1,3,**
2024,20,156,2,1,
2024,20,156,3,3,**
2024,20,156,4,1,
2024,20,156,5,1,
2024,20,156,6,1,
2024,20,156,7,3,**
2024,20,156,8,1,
2024,20,156,9,3,**
2024,20,156,10,1,
2024,20,156,11,1,
2024,20,156,12,1,
2024,20,176,1,1,
2024,20,176,2,1,
2024,20,176,3,1,
2024,20,176,4,1,
2024,20,176,5,1,
2024,20,176,6,1,
2024,20,176,7,1,
2024,20,176,8,1,
2024,20,176,9,1,
2024,20,176,10,3,**
2024,20,176,11,3,**
2024,20,176,12,3,**
2024,20,188,1,1,
2024,20,188,2,1,
2024,20,188,3,1,
2024,20,188,4,1,
2024,20,188,5,1,
2024,20,188,6,1,
2024,20,188,7,1,
2024,20,188,8,3,**
2024,20,188,9,3,**
2024,20,188,10,1,
2024,20,188,11,1,
2024,20,188,12,1,
2024,20,219,1,1,
2024,20,219,2,1,
2024,20,219,3,1,
2024,20,219,4,1,
2024,20,219,5,1,
2024,20,219,6,1,
2024,20,219,7,1,
2024,20,219,8,1,
2024,20,219,9,1,
2024,20,219,10,3,**
2024,20,219,11,3,**
2024,20,219,12,3,**
2024,20,228,1,1,
2024,20,228,2,1,
2024,20,228,3,1,
2024,20,228,4,1,
2024,20,228,5,1,
2024,20,228,6,1,
2024,20,228,7,1,
2024,20,228,8,1,
2024,20,228,9,1,
2024,20,228,10,1,
2024,20,228,11,1,
2024,20,228,12,1,
2024,20,241,1,1,
2024,20,241,2,1,
2024,20,241,3,1,
2024,20,241,4,1,
2024,20,241,5,1,
2024,20,241,6,1,
2024,20,241,7,1,
2024,20,241,8,1,
2024,20,241,9,1,
2024,20,241,10,1,
2024,20,241,11,1,
2024,20,241,12,1,
2024,20,259,1,1,
2024,20,259,2,1,
2024,20,259,3,1,
2024,20,259,4,1,
2024,20,259,5,1,
2024,20,259,6,1,
2024,20,259,7,1,
2024,20,259,8,1,
2024,20,259,9,1,
2024,20,259,10,1,
2024,20,259,11,1,
2024,20,259,12,1,
2024,20,271,1,1,
2024,20,271,2,1,
2024,20,271,3,1,
2024,20,271,4,1,
2024,20,271,5,1,
2024,20,271,6,1,
2024,20,271,7,1,
2024,20,271,8,1,
2024,20,271,9,1,
2024,20,271,10,1,
2024,20,271,11,1,
2024,20,271,12,1,
2024,20,295,1,1,
2024,20,295,2,1,
2024,20,295,3,1,
2024,20,295,4,1,
2024,20,295,5,1,
2024,20,295,6,1,
2024,20,295,7,1,
2024,20,295,8,1,
2024,20,295,9,1,
2024,20,295,10,1,
2024,20,295,11,1,
2024,20,295,12,1,
2024,20,307,1,1,
2024,20,307,2,1,
2024,20,307,3,1,
2024,20,307,4,1,
2024,20,307,5,1,
2024,20,307,6,3,**
2024,20,307,7,3,**
2024,20,307,8,1,
2024,20,307,9,3,**
2024,20,307,10,1,
2024,20,307,11,1,
2024,20,307,12,1,
2024,20,334,1,1,
2024,20,334,2,1,
2024,20,334,3,1,
2024,20,334,4,1,
2024,20,334,5,1,
2024,20,334,6,3,**
2024,20,334,7,3,**
2024,20,334,8,1,
2024,20,334,9,3,**
2024,20,334,10,1,
2024,20,334,11,1,
2024,20,334,12,1,
2024,20,348,1,1,
2024,20,348,2,1,
2024,20,348,3,1,
2024,20,348,4,1,
2024,20,348,5,1,
2024,20,348,6,1,
2024,20,348,7,1,
2024,20,348,8,1,
2024,20,348,9,1,
2024,20,348,10,1,
2024,20,348,11,3,**
2024,20,348,12,3,**
2024,21,10,1,1,
2024,21,10,2,1,
2024,21,10,3,1,
2024,21,10,4,1,
2024,21,10,5,1,
2024,21,10,6,1,
2024,21,10,7,1,
2024,21,10,8,1,
2024,21,10,9,1,
2024,21,10,10,1,
2024,21,10,11,1,
2024,21,10,12,1,
2024,21,17,1,1,
2024,21,17,2,1,
2024,21,17,3,1,
2024,21,17,4,1,
2024,21,17,5,1,
2024,21,17,6,1,
2024,21,17,7,1,
2024,21,17,8,1,
2024,21,17,9,1,
2024,21,17,10,1,
2024,21,17,11,1,
2024,21,17,12,1,
2024,21,45,1,1,
2024,21,45,2,1,
2024,21,45,3,1,
2024,21,45,4,1,
2024,21,45,5,1,
2024,21,45,6,1,
2024,21,45,7,1,
2024,21,45,8,1,
2024,21,45,9,1,
2024,21,45,10,1,
2024,21,45,11,1,
2024,21,45,12,1,
2024,21,50,1,1,
2024,21,50,2,1,
2024,21,50,3,1,
2024,21,50,4,1,
2024,21,50,5,1,
2024,21,50,6,1,
2024,21,50,7,3,**
2024,21,50,8,3,**
2024,21,50,9,3,**
2024,21,50,10,1,
2024,21,50,11,1,
2024,21,50,12,1,
2024,21,126,1,1,
2024,21,126,2,1,
2024,21,126,3,1,
2024,21,126,4,1,
2024,21,126,5,1,
2024,21,126,6,3,**
2024,21,126,7,1,
2024,21,126,8,1,
2024,21,126,9,1,
2024,21,126,10,3,**
2024,21,126,11,3,**
2024,21,126,12,3,**
2024,21,146,1,1,
2024,21,146,2,1,
2024,21,146,3,1,
2024,21,146,4,1,
2024,21,146,5,1,
2024,21,146,6,1,
2024,21,146,7,1,
2024,21,146,8,1,
2024,21,146,9,1,
2024,21,146,10,1,
2024,21,146,11,1,
2024,21,146,12,1,
2024,21,198,1,1,
2024,21,198,2,1,
2024,21,198,3,1,
2024,21,198,4,1,
2024,21,198,5,1,
2024,21,198,6,1,
2024,21,198,7,1,
2024,21,198,8,1,
2024,21,198,9,1,
2024,21,198,10,1,
2024,21,198,11,1,
2024,21,198,12,1,
2024,21,210,1,1,
2024,21,210,2,1,
2024,21,210,3,1,
2024,21,210,4,1,
2024,21,210,5,1,
2024,21,210,6,1,
2024,21,210,7,1,
2024,21,210,8,3,**
2024,21,210,9,3,**
2024,21,210,10,3,**
2024,21,210,11,1,
2024,21,210,12,3,**
2024,21,283,1,1,
2024,21,283,2,1,
2024,21,283,3,1,
2024,21,283,4,1,
2024,21,283,5,1,
2024,21,283,6,1,
2024,21,283,7,1,
2024,21,283,8,1,
2024,21,283,9,1,
2024,21,283,10,1,
2024,21,283,11,1,
2024,21,283,12,1,
2024,21,302,1,1,
2024,21,302,2,1,
2024,21,302,3,1,
2024,21,302,4,1,
2024,21,302,5,1,
2024,21,302,6,1,
2024,21,302,7,1,
2024,21,302,8,1,
2024,21,302,9,1,
2024,21,302,10,1,
2024,21,302,11,1,
2024,21,302,12,1,
2024,21,315,1,1,
2024,21,315,2,1,
2024,21,315,3,1,
2024,21,315,4,1,
2024,21,315,5,1,
2024,21,315,6,1,
2024,21,315,7,1,
2024,21,315,8,1,
2024,21,315,9,1,
2024,21,315,10,1,
2024,21,315,11,1,
2024,21,315,12,1,
2024,21,344,1,1,
2024,21,344,2,1,
2024,21,344,3,1,
2024,21,344,4,1,
2024,21,344,5,1,
2024,21,344,6,1,
2024,21,344,7,1,
2024,21,344,8,1,
2024,21,344,9,1,
2024,21,344,10,3,**
2024,21,344,11,3,**
2024,21,344,12,3,**
2024,22,2,1,1,
2024,22,2,2,1,
2024,22,2,3,1,
2024,22,2,4,1,
2024,22,2,5,1,
2024,22,2,6,1,
2024,22,2,7,1,
2024,22,2,8,1,
2024,22,2,9,3,**
2024,22,2,10,3,**
2024,22,2,11,1,
2024,22,2,12,3,**
2024,22,58,1,1,
2024,22,58,2,1,
2024,22,58,3,1,
2024,22,58,4,1,
2024,22,58,5,1,
2024,22,58,6,1,
2024,22,58,7,1,
2024,22,58,8,3,**
2024,22,58,9,3,**
2024,22,58,10,1,
2024,22,58,11,1,
2024,22,58,12,1,
2024,22,70,1,1,
2024,22,70,2,1,
2024,22,70,3,1,
2024,22,70,4,1,
2024,22,70,5,1,
2024,22,70,6,1,
2024,22,70,7,3,**
2024,22,70,8,3,**
2024,22,70,9,3,**
2024,22,70,10,1,
2024,22,70,11,1,
2024,22,70,12,1,
2024,22,123,1,1,
2024,22,123,2,1,
2024,22,123,3,1,
2024,22,123,4,1,
2024,22,123,5,1,
2024,22,123,6,1,
2024,22,123,7,1,
2024,22,123,8,1,
2024,22,123,9,1,
2024,22,123,10,3,**
2024,22,123,11,3,**
2024,22,123,12,3,**
2024,22,187,1,1,
2024,22,187,2,1,
2024,22,187,3,1,
2024,22,187,4,1,
2024,22,187,5,1,
2024,22,187,6,1,
2024,22,187,7,1,
2024,22,187,8,1,
2024,22,187,9,1,
2024,22,187,10,3,**
2024,22,187,11,3,**
2024,22,187,12,3,**
2024,22,215,1,1,
2024,22,215,2,1,
2024,22,215,3,1,
2024,22,215,4,1,
2024,22,215,5,3,**
2024,22,215,6,1,
2024,22,215,7,3,**
2024,22,215,8,3,**
2024,22,215,9,3,**
2024,22,215,10,1,
2024,22,215,11,1,
2024,22,215,12,1,
2024,22,230,1,1,
2024,22,230,2,1,
2024,22,230,3,1,
2024,22,230,4,1,
2024,22,230,5,1,
2024,22,230,6,3,**
2024,22,230,7,3,**
2024,22,230,8,1,
2024,22,230,9,3,**
2024,22,230,10,1,
2024,22,230,11,1,
2024,22,230,12,1,
2024,22,246,1,1,
2024,22,246,2,1,
2024,22,246,3,1,
2024,22,246,4,1,
2024,22,246,5,1,
2024,22,246,6,1,
2024,22,246,7,1,
2024,22,246,8,1,
2024,22,246,9,1,
2024,22,246,10,1,
2024,22,246,11,1,
2024,22,246,12,1,
2024,22,273,1,1,
2024,22,273,2,1,
2024,22,273,3,1,
2024,22,273,4,1,
2024,22,273,5,1,
2024,22,273,6,1,
2024,22,273,7,1,
2024,22,273,8,1,
2024,22,273,9,1,
2024,22,273,10,1,
2024,22,273,11,3,**
2024,22,273,12,3,**
2024,22,343,1,1,
2024,22,343,2,1,
2024,22,343,3,1,
2024,22,343,4,1,
2024,22,343,5,1,
2024,22,343,6,1,
2024,22,343,7,1,
2024,22,343,8,3,**
2024,22,343,9,3,**
2024,22,343,10,1,
2024,22,343,11,1,
2024,22,343,12,1,
2024,23,62,1,1,
2024,23,62,2,1,
2024,23,62,3,1,
2024,23,62,4,1,
2024,23,62,5,1,
2024,23,62,6,1,
2024,23,62,7,1,
2024,23,62,8,1,
2024,23,62,9,1,
2024,23,62,10,1,
2024,23,62,11,1,
2024,23,62,12,1,
2024,23,91,1,1,
2024,23,91,2,1,
2024,23,91,3,1,
2024,23,91,4,1,
2024,23,91,5,1,
2024,23,91,6,1,
2024,23,91,7,1,
2024,23,91,8,1,
2024,23,91,9,1,
2024,23,91,10,1,
2024,23,91,11,1,
2024,23,91,12,1,
2024,23,98,1,1,
2024,23,98,2,1,
2024,23,98,3,1,
2024,23,98,4,1,
2024,23,98,5,1,
2024,23,98,6,1,
2024,23,98,7,1,
2024,23,98,8,1,
2024,23,98,9,1,
2024,23,98,10,3,**
2024,23,98,11,3,**
2024,23,98,12,3,**
2024,23,99,1,5,N/A
2024,23,99,2,5,N/A
2024,23,99,3,5,N/A
2024,23,99,4,5,N/A
2024,23,99,5,5,N/A
2024,23,99,6,5,N/A
2024,23,99,7,5,N/A
2024,23,99,8,5,N/A
2024,23,99,9,5,N/A
2024,23,99,10,5,N/A
2024,23,99,11,5,N/A
2024,23,99,12,5,N/A
2024,23,135,1,1,
2024,23,135,2,1,
2024,23,135,3,1,
2024,23,135,4,1,
2024,23,135,5,1,
2024,23,135,6,1,
2024,23,135,7,1,
2024,23,135,8,1,
2024,23,135,9,1,
2024,23,135,10,1,
2024,23,135,11,1,
2024,23,135,12,1,
2024,23,160,1,1,
2024,23,160,2,1,
2024,23,160,3,1,
2024,23,160,4,1,
2024,23,160,5,1,
2024,23,160,6,1,
2024,23,160,7,3,**
2024,23,160,8,3,**
2024,23,160,9,3,**
2024,23,160,10,1,
2024,23,160,11,1,
2024,23,160,12,1,
2024,23,254,1,1,
2024,23,254,2,1,
2024,23,254,3,1,
2024,23,254,4,1,
2024,23,254,5,1,
2024,23,254,6,1,
2024,23,254,7,1,
2024,23,254,8,1,
2024,23,254,9,1,
2024,23,254,10,1,
2024,23,254,11,1,
2024,23,254,12,1,
2024,23,275,1,1,
2024,23,275,2,1,
2024,23,275,3,1,
2024,23,275,4,1,
2024,23,275,5,1,
2024,23,275,6,1,
2024,23,275,7,1,
2024,23,275,8,3,**
2024,23,275,9,3,**
2024,23,275,10,3,**
2024,23,275,11,1,
2024,23,275,12,3,**
2024,23,291,1,1,
2024,23,291,2,1,
2024,23,291,3,1,
2024,23,291,4,1,
2024,23,291,5,1,
2024,23,291,6,1,
2024,23,291,7,1,
2024,23,291,8,1,
2024,23,291,9,1,
2024,23,291,10,1,
2024,23,291,11,1,
2024,23,291,12,1,
2024,23,305,1,1,
2024,23,305,2,1,
2024,23,305,3,1,
2024,23,305,4,1,
2024,23,305,5,1,
2024,23,305,6,1,
2024,23,305,7,1,
2024,23,305,8,1,
2024,23,305,9,1,
2024,23,305,10,3,**
2024,23,305,11,3,**
2024,23,305,12,3,**
2024,23,330,1,1,
2024,23,330,2,1,
2024,23,330,3,1,
2024,23,330,4,1,
2024,23,330,5,1,
2024,23,330,6,1,
2024,23,330,7,1,
2024,23,330,8,1,
2024,23,330,9,1,
2024,23,330,10,1,
2024,23,330,11,1,
2024,23,330,12,1,
2024,24,86,1,1,
2024,24,86,2,1,
2024,24,86,3,1,
2024,24,86,4,1,
2024,24,86,5,1,
2024,24,86,6,1,
2024,24,86,7,1,
2024,24,86,8,1,
2024,24,86,9,1,
2024,24,86,10,3,**
2024,24,86,11,3,**
2024,24,86,12,3,**
2024,24,173,1,1,
2024,24,173,2,1,
2024,24,173,3,1,
2024,24,173,4,1,
2024,24,173,5,1,
2024,24,173,6,1,
2024,24,173,7,1,
2024,24,173,8,1,
2024,24,173,9,1,
2024,24,173,10,3,**
2024,24,173,11,1,
2024,24,173,12,3,**
2024,24,203,1,1,
2024,24,203,2,1,
2024,24,203,3,1,
2024,24,203,4,1,
2024,24,203,5,1,
2024,24,203,6,1,
2024,24,203,7,1,
2024,24,203,8,1,
2024,24,203,9,1,
2024,24,203,10,3,**
2024,24,203,11,3,**
2024,24,203,12,3,**
2024,24,205,1,1,
2024,24,205,2,1,
2024,24,205,3,1,
2024,24,205,4,1,
2024,24,205,5,3,**
2024,24,205,6,3,**
2024,24,205,7,1,
2024,24,205,8,1,
2024,24,205,9,1,
2024,24,205,10,3,**
2024,24,205,11,3,**
2024,24,205,12,3,**
2024,25,20,1,1,
2024,25,20,2,1,
2024,25,20,3,1,
2024,25,20,4,1,
2024,25,20,5,1,
2024,25,20,6,1,
2024,25,20,7,1,
2024,25,20,8,1,
2024,25,20,9,1,
2024,25,20,10,3,**
2024,25,20,11,3,**
2024,25,20,12,3,**
2024,25,51,1,1,
2024,25,51,2,1,
2024,25,51,3,1,
2024,25,51,4,1,
2024,25,51,5,1,
2024,25,51,6,1,
2024,25,51,7,1,
2024,25,51,8,1,
2024,25,51,9,1,
2024,25,51,10,1,
2024,25,51,11,1,
2024,25,51,12,1,
2024,25,56,1,1,
2024,25,56,2,1,
2024,25,56,3,3,**
2024,25,56,4,1,
2024,25,56,5,3,**
2024,25,56,6,3,**
2024,25,56,7,1,
2024,25,56,8,1,
2024,25,56,9,1,
2024,25,56,10,3,**
2024,25,56,11,1,
2024,25,56,12,3,**
2024,25,69,1,1,
2024,25,69,2,1,
2024,25,69,3,1,
2024,25,69,4,1,
2024,25,69,5,1,
2024,25,69,6,1,
2024,25,69,7,1,
2024,25,69,8,1,
2024,25,69,9,1,
2024,25,69,10,1,
2024,25,69,11,1,
2024,25,69,12,1,
2024,25,80,1,5,N/A
2024,25,80,2,5,N/A
2024,25,80,3,5,N/A
2024,25,80,4,5,N/A
2024,25,80,5,5,N/A
2024,25,80,6,5,N/A
2024,25,80,7,5,N/A
2024,25,80,8,5,N/A
2024,25,80,9,5,N/A
2024,25,80,10,5,N/A
2024,25,80,11,5,N/A
2024,25,80,12,5,N/A
2024,25,141,1,1,
2024,25,141,2,1,
2024,25,141,3,1,
2024,25,141,4,1,
2024,25,141,5,1,
2024,25,141,6,3,**
2024,25,141,7,3,**
2024,25,141,8,1,
2024,25,141,9,3,**
2024,25,141,10,1,
2024,25,141,11,1,
2024,25,141,12,1,
2024,25,234,1,1,
2024,25,234,2,1,
2024,25,234,3,1,
2024,25,234,4,1,
2024,25,234,5,1,
2024,25,234,6,1,
2024,25,234,7,1,
2024,25,234,8,1,
2024,25,234,9,1,
2024,25,234,10,3,**
2024,25,234,11,3,**
2024,25,234,12,3,**
2024,25,240,1,1,
2024,25,240,2,1,
2024,25,240,3,1,
2024,25,240,4,1,
2024,25,240,5,1,
2024,25,240,6,1,
2024,25,240,7,1,
2024,25,240,8,3,**
2024,25,240,9,3,**
2024,25,240,10,3,**
2024,25,240,11,1,
2024,25,240,12,3,**
2024,25,285,1,1,
2024,25,285,2,1,
2024,25,285,3,1,
2024,25,285,4,1,
2024,25,285,5,1,
2024,25,285,6,1,
2024,25,285,7,1,
2024,25,285,8,3,**
2024,25,285,9,3,**
2024,25,285,10,1,
2024,25,285,11,1,
2024,25,285,12,1,
2024,25,309,1,1,
2024,25,309,2,1,
2024,25,309,3,1,
2024,25,309,4,1,
2024,25,309,5,1,
2024,25,309,6,1,
2024,25,309,7,1,
2024,25,309,8,1,
2024,25,309,9,1,
2024,25,309,10,1,
2024,25,309,11,1,
2024,25,309,12,1,
2024,25,332,1,1,
2024,25,332,2,1,
2024,25,332,3,1,
2024,25,332,4,1,
2024,25,332,5,1,
2024,25,332,6,1,
2024,25,332,7,1,
2024,25,332,8,1,
2024,25,332,9,1,
2024,25,332,10,1,
2024,25,332,11,1,
2024,25,332,12,1,
2024,25,345,1,1,
2024,25,345,2,1,
2024,25,345,3,1,
2024,25,345,4,1,
2024,25,345,5,1,
2024,25,345,6,1,
2024,25,345,7,1,
2024,25,345,8,1,
2024,25,345,9,1,
2024,25,345,10,3,**
2024,25,345,11,3,**
2024,25,345,12,3,**
2024,26,7,1,5,N/A
2024,26,7,2,5,N/A
2024,26,7,3,5,N/A
2024,26,7,4,5,N/A
2024,26,7,5,5,N/A
2024,26,7,6,5,N/A
2024,26,7,7,5,N/A
2024,26,7,8,5,N/A
2024,26,7,9,5,N/A
2024,26,7,10,5,N/A
2024,26,7,11,5,N/A
2024,26,7,12,5,N/A
2024,26,12,1,1,
2024,26,12,2,1,
2024,26,12,3,1,
2024,26,12,4,1,
2024,26,12,5,1,
2024,26,12,6,1,
2024,26,12,7,1,
2024,26,12,8,1,
2024,26,12,9,1,
2024,26,12,10,1,
2024,26,12,11,1,
2024,26,12,12,1,
2024,26,34,1,1,
2024,26,34,2,1,
2024,26,34,3,1,
2024,26,34,4,1,
2024,26,34,5,1,
2024,26,34,6,1,
2024,26,34,7,1,
2024,26,34,8,1,
2024,26,34,9,1,
2024,26,34,10,3,**
2024,26,34,11,1,
2024,26,34,12,3,**
2024,26,41,1,1,
2024,26,41,2,1,
2024,26,41,3,1,
2024,26,41,4,1,
2024,26,41,5,1,
2024,26,41,6,1,
2024,26,41,7,1,
2024,26,41,8,1,
2024,26,41,9,1,
2024,26,41,10,1,
2024,26,41,11,1,
2024,26,41,12,1,
2024,26,49,1,5,N/A
2024,26,49,2,5,N/A
2024,26,49,3,5,N/A
2024,26,49,4,5,N/A
2024,26,49,5,5,N/A
2024,26,49,6,5,N/A
2024,26,49,7,5,N/A
2024,26,49,8,5,N/A
2024,26,49,9,5,N/A
2024,26,49,10,5,N/A
2024,26,49,11,5,N/A
2024,26,49,12,5,N/A
2024,26,53,1,1,
2024,26,53,2,1,
2024,26,53,3,1,
2024,26,53,4,1,
2024,26,53,5,1,
2024,26,53,6,1,
2024,26,53,7,1,
2024,26,53,8,1,
2024,26,53,9,1,
2024,26,53,10,1,
2024,26,53,11,1,
2024,26,53,12,1,
2024,26,55,1,1,
2024,26,55,2,1,
2024,26,55,3,1,
2024,26,55,4,1,
2024,26,55,5,1,
2024,26,55,6,1,
2024,26,55,7,1,
2024,26,55,8,3,**
2024,26,55,9,3,**
2024,26,55,10,1,
2024,26,55,11,1,
2024,26,55,12,1,
2024,26,63,1,1,
2024,26,63,2,1,
2024,26,63,3,1,
2024,26,63,4,1,
2024,26,63,5,1,
2024,26,63,6,1,
2024,26,63,7,1,
2024,26,63,8,1,
2024,26,63,9,1,
2024,26,63,10,1,
2024,26,63,11,1,
2024,26,63,12,1,
2024,26,65,1,1,
2024,26,65,2,1,
2024,26,65,3,1,
2024,26,65,4,1,
2024,26,65,5,1,
2024,26,65,6,1,
2024,26,65,7,1,
2024,26,65,8,1,
2024,26,65,9,1,
2024,26,65,10,1,
2024,26,65,11,1,
2024,26,65,12,1,
2024,26,77,1,1,
2024,26,77,2,1,
2024,26,77,3,1,
2024,26,77,4,1,
2024,26,77,5,1,
2024,26,77,6,1,
2024,26,77,7,1,
2024,26,77,8,1,
2024,26,77,9,1,
2024,26,77,10,1,
2024,26,77,11,1,
2024,26,77,12,1,
2024,26,96,1,1,
2024,26,96,2,1,
2024,26,96,3,1,
2024,26,96,4,1,
2024,26,96,5,1,
2024,26,96,6,1,
2024,26,96,7,1,
2024,26,96,8,1,
2024,26,96,9,1,
2024,26,96,10,1,
2024,26,96,11,1,
2024,26,96,12,1,
2024,26,97,1,1,
2024,26,97,2,1,
2024,26,97,3,1,
2024,26,97,4,1,
2024,26,97,5,1,
2024,26,97,6,1,
2024,26,97,7,1,
2024,26,97,8,1,
2024,26,97,9,1,
2024,26,97,10,1,
2024,26,97,11,1,
2024,26,97,12,1,
2024,26,108,1,1,
2024,26,108,2,1,
2024,26,108,3,1,
2024,26,108,4,1,
2024,26,108,5,1,
2024,26,108,6,1,
2024,26,108,7,3,**
2024,26,108,8,3,**
2024,26,108,9,3,**
2024,26,108,10,1,
2024,26,108,11,1,
2024,26,108,12,1,
2024,26,116,1,5,N/A
2024,26,116,2,5,N/A
2024,26,116,3,5,N/A
2024,26,116,4,5,N/A
2024,26,116,5,5,N/A
2024,26,116,6,5,N/A
2024,26,116,7,5,N/A
2024,26,116,8,5,N/A
2024,26,116,9,5,N/A
2024,26,116,10,5,N/A
2024,26,116,11,5,N/A
2024,26,116,12,5,N/A
2024,26,125,1,1,
2024,26,125,2,1,
2024,26,125,3,1,
2024,26,125,4,1,
2024,26,125,5,1,
2024,26,125,6,1,
2024,26,125,7,1,
2024,26,125,8,1,
2024,26,125,9,1,
2024,26,125,10,1,
2024,26,125,11,1,
2024,26,125,12,1,
2024,26,130,1,1,
2024,26,130,2,1,
2024,26,130,3,1,
2024,26,130,4,1,
2024,26,130,5,1,
2024,26,130,6,1,
2024,26,130,7,1,
2024,26,130,8,1,
2024,26,130,9,1,
2024,26,130,10,1,
2024,26,130,11,1,
2024,26,130,12,1,
2024,26,132,1,1,
2024,26,132,2,1,
2024,26,132,3,1,
2024,26,132,4,1,
2024,26,132,5,1,
2024,26,132,6,1,
2024,26,132,7,1,
2024,26,132,8,1,
2024,26,132,9,1,
2024,26,132,10,1,
2024,26,132,11,1,
2024,26,132,12,1,
2024,26,148,1,1,
2024,26,148,2,1,
2024,26,148,3,1,
2024,26,148,4,1,
2024,26,148,5,1,
2024,26,148,6,1,
2024,26,148,7,1,
2024,26,148,8,1,
2024,26,148,9,1,
2024,26,148,10,1,
2024,26,148,11,1,
2024,26,148,12,1,
2024,26,155,1,5,N/A
2024,26,155,2,5,N/A
2024,26,155,3,5,N/A
2024,26,155,4,5,N/A
2024,26,155,5,5,N/A
2024,26,155,6,5,N/A
2024,26,155,7,5,N/A
2024,26,155,8,5,N/A
2024,26,155,9,5,N/A
2024,26,155,10,5,N/A
2024,26,155,11,5,N/A
2024,26,155,12,5,N/A
2024,26,157,1,1,
2024,26,157,2,1,
2024,26,157,3,1,
2024,26,157,4,1,
2024,26,157,5,3,**
2024,26,157,6,1,
2024,26,157,7,1,
2024,26,157,8,1,
2024,26,157,9,1,
2024,26,157,10,3,**
2024,26,157,11,3,**
2024,26,157,12,3,**
2024,26,196,1,1,
2024,26,196,2,1,
2024,26,196,3,1,
2024,26,196,4,1,
2024,26,196,5,3,**
2024,26,196,6,1,
2024,26,196,7,1,
2024,26,196,8,3,**
2024,26,196,9,3,**
2024,26,196,10,1,
2024,26,196,11,1,
2024,26,196,12,1,
2024,26,206,1,1,
2024,26,206,2,1,
2024,26,206,3,1,
2024,26,206,4,1,
2024,26,206,5,1,
2024,26,206,6,1,
2024,26,206,7,1,
2024,26,206,8,1,
2024,26,206,9,1,
2024,26,206,10,1,
2024,26,206,11,1,
2024,26,206,12,1,
2024,26,212,1,1,
2024,26,212,2,1,
2024,26,212,3,1,
2024,26,212,4,1,
2024,26,212,5,1,
2024,26,212,6,1,
2024,26,212,7,1,
2024,26,212,8,3,**
2024,26,212,9,3,**
2024,26,212,10,1,
2024,26,212,11,1,
2024,26,212,12,1,
2024,26,213,1,1,
2024,26,213,2,1,
2024,26,213,3,1,
2024,26,213,4,1,
2024,26,213,5,1,
2024,26,213,6,1,
2024,26,213,7,3,**
2024,26,213,8,3,**
2024,26,213,9,3,**
2024,26,213,10,3,**
2024,26,213,11,3,**
2024,26,213,12,3,**
2024,26,222,1,1,
2024,26,222,2,1,
2024,26,222,3,1,
2024,26,222,4,1,
2024,26,222,5,1,
2024,26,222,6,1,
2024,26,222,7,1,
2024,26,222,8,1,
2024,26,222,9,1,
2024,26,222,10,1,
2024,26,222,11,1,
2024,26,222,12,1,
2024,26,243,1,5,N/A
2024,26,243,2,5,N/A
2024,26,243,3,5,N/A
2024,26,243,4,5,N/A
2024,26,243,5,5,N/A
2024,26,243,6,5,N/A
2024,26,243,7,5,N/A
2024,26,243,8,5,N/A
2024,26,243,9,5,N/A
2024,26,243,10,5,N/A
2024,26,243,11,5,N/A
2024,26,243,12,5,N/A
2024,26,249,1,1,
2024,26,249,2,1,
2024,26,249,3,1,
2024,26,249,4,1,
2024,26,249,5,1,
2024,26,249,6,1,
2024,26,249,7,1,
2024,26,249,8,1,
2024,26,249,9,1,
2024,26,249,10,3,**
2024,26,249,11,3,**
2024,26,249,12,3,**
2024,26,268,1,1,
2024,26,268,2,1,
2024,26,268,3,1,
2024,26,268,4,1,
2024,26,268,5,1,
2024,26,268,6,1,
2024,26,268,7,1,
2024,26,268,8,1,
2024,26,268,9,1,
2024,26,268,10,3,**
2024,26,268,11,3,**
2024,26,268,12,3,**
2024,26,298,1,1,
2024,26,298,2,1,
2024,26,298,3,1,
2024,26,298,4,1,
2024,26,298,5,1,
2024,26,298,6,1,
2024,26,298,7,1,
2024,26,298,8,1,
2024,26,298,9,1,
2024,26,298,10,1,
2024,26,298,11,1,
2024,26,298,12,1,
2024,26,313,1,1,
2024,26,313,2,1,
2024,26,313,3,1,
2024,26,313,4,1,
2024,26,313,5,1,
2024,26,313,6,1,
2024,26,313,7,3,**
2024,26,313,8,3,**
2024,26,313,9,3,**
2024,26,313,10,1,
2024,26,313,11,1,
2024,26,313,12,1,
2024,26,341,1,1,
2024,26,341,2,1,
2024,26,341,3,1,
2024,26,341,4,1,
2024,26,341,5,1,
2024,26,341,6,1,
2024,26,341,7,1,
2024,26,341,8,1,
2024,26,341,9,1,
2024,26,341,10,1,
2024,26,341,11,1,
2024,26,341,12,1,
2024,27,21,1,1,
2024,27,21,2,1,
2024,27,21,3,1,
2024,27,21,4,1,
2024,27,21,5,1,
2024,27,21,6,3,**
2024,27,21,7,3,**
2024,27,21,8,1,
2024,27,21,9,3,**
2024,27,21,10,1,
2024,27,21,11,1,
2024,27,21,12,1,
2024,27,35,1,1,
2024,27,35,2,1,
2024,27,35,3,1,
2024,27,35,4,1,
2024,27,35,5,1,
2024,27,35,6,1,
2024,27,35,7,1,
2024,27,35,8,1,
2024,27,35,9,1,
2024,27,35,10,1,
2024,27,35,11,1,
2024,27,35,12,1,
2024,27,48,1,1,
2024,27,48,2,1,
2024,27,48,3,1,
2024,27,48,4,1,
2024,27,48,5,1,
2024,27,48,6,1,
2024,27,48,7,1,
2024,27,48,8,1,
2024,27,48,9,1,
2024,27,48,10,1,
2024,27,48,11,3,**
2024,27,48,12,3,**
2024,27,101,1,1,
2024,27,101,2,1,
2024,27,101,3,1,
2024,27,101,4,1,
2024,27,101,5,1,
2024,27,101,6,1,
2024,27,101,7,1,
2024,27,101,8,1,
2024,27,101,9,1,
2024,27,101,10,1,
2024,27,101,11,1,
2024,27,101,12,1,
2024,27,105,1,1,
2024,27,105,2,1,
2024,27,105,3,1,
2024,27,105,4,1,
2024,27,105,5,1,
2024,27,105,6,1,
2024,27,105,7,3,**
2024,27,105,8,1,
2024,27,105,9,3,**
2024,27,105,10,3,**
2024,27,105,11,3,**
2024,27,105,12,3,**
2024,27,127,1,1,
2024,27,127,2,1,
2024,27,127,3,1,
2024,27,127,4,1,
2024,27,127,5,1,
2024,27,127,6,1,
2024,27,127,7,3,**
2024,27,127,8,3,**
2024,27,127,9,3,**
2024,27,127,10,1,
2024,27,127,11,1,
2024,27,127,12,1,
2024,27,134,1,1,
2024,27,134,2,1,
2024,27,134,3,1,
2024,27,134,4,1,
2024,27,134,5,1,
2024,27,134,6,1,
2024,27,134,7,1,
2024,27,134,8,1,
2024,27,134,9,1,
2024,27,134,10,3,**
2024,27,134,11,3,**
2024,27,134,12,3,**
2024,27,136,1,3,**
2024,27,136,2,1,
2024,27,136,3,3,**
2024,27,136,4,1,
2024,27,136,5,1,
2024,27,136,6,3,**
2024,27,136,7,3,**
2024,27,136,8,1,
2024,27,136,9,3,**
2024,27,136,10,1,
2024,27,136,11,1,
2024,27,136,12,1,
2024,27,154,1,3,**
2024,27,154,2,1,
2024,27,154,3,3,**
2024,27,154,4,1,
2024,27,154,5,1,
2024,27,154,6,1,
2024,27,154,7,3,**
2024,27,154,8,1,
2024,27,154,9,3,**
2024,27,154,10,1,
2024,27,154,11,1,
2024,27,154,12,1,
2024,27,232,1,1,
2024,27,232,2,1,
2024,27,232,3,1,
2024,27,232,4,1,
2024,27,232,5,1,
2024,27,232,6,1,
2024,27,232,7,1,
2024,27,232,8,1,
2024,27,232,9,1,
2024,27,232,10,1,
2024,27,232,11,1,
2024,27,232,12,1,
2024,27,245,1,1,
2024,27,245,2,1,
2024,27,245,3,1,
2024,27,245,4,1,
2024,27,245,5,3,**
2024,27,245,6,1,
2024,27,245,7,3,**
2024,27,245,8,1,
2024,27,245,9,3,**
2024,27,245,10,1,
2024,27,245,11,1,
2024,27,245,12,1,
2024,27,297,1,1,
2024,27,297,2,1,
2024,27,297,3,1,
2024,27,297,4,1,
2024,27,297,5,1,
2024,27,297,6,1,
2024,27,297,7,1,
2024,27,297,8,1,
2024,27,297,9,1,
2024,27,297,10,1,
2024,27,297,11,1,
2024,27,297,12,1,
2024,27,331,1,5,N/A
2024,27,331,2,5,N/A
2024,27,331,3,5,N/A
2024,27,331,4,5,N/A
2024,27,331,5,5,N/A
2024,27,331,6,5,N/A
2024,27,331,7,5,N/A
2024,27,331,8,5,N/A
2024,27,331,9,5,N/A
2024,27,331,10,5,N/A
2024,27,331,11,5,N/A
2024,27,331,12,5,N/A
2024,27,338,1,1,
2024,27,338,2,1,
2024,27,338,3,1,
2024,27,338,4,1,
2024,27,338,5,3,**
2024,27,338,6,3,**
2024,27,338,7,3,**
2024,27,338,8,3,**
2024,27,338,9,3,**
2024,27,338,10,1,
2024,27,338,11,1,
2024,27,338,12,1,
2024,28,42,1,1,
2024,28,42,2,1,
2024,28,42,3,1,
2024,28,42,4,1,
2024,28,42,5,1,
2024,28,42,6,1,
2024,28,42,7,3,**
2024,28,42,8,3,**
2024,28,42,9,3,**
2024,28,42,10,1,
2024,28,42,11,1,
2024,28,42,12,1,
2024,28,103,1,1,
2024,28,103,2,1,
2024,28,103,3,1,
2024,28,103,4,1,
2024,28,103,5,1,
2024,28,103,6,1,
2024,28,103,7,1,
2024,28,103,8,1,
2024,28,103,9,1,
2024,28,103,10,3,**
2024,28,103,11,3,**
2024,28,103,12,3,**
2024,28,117,1,1,
2024,28,117,2,1,
2024,28,117,3,1,
2024,28,117,4,1,
2024,28,117,5,1,
2024,28,117,6,1,
2024,28,117,7,1,
2024,28,117,8,1,
2024,28,117,9,1,
2024,28,117,10,3,**
2024,28,117,11,1,
2024,28,117,12,3,**
2024,28,119,1,1,
2024,28,119,2,1,
2024,28,119,3,1,
2024,28,119,4,1,
2024,28,119,5,1,
2024,28,119,6,1,
2024,28,119,7,1,
2024,28,119,8,1,
2024,28,119,9,1,
2024,28,119,10,1,
2024,28,119,11,1,
2024,28,119,12,1,
2024,28,122,1,1,
2024,28,122,2,1,
2024,28,122,3,1,
2024,28,122,4,1,
2024,28,122,5,1,
2024,28,122,6,1,
2024,28,122,7,1,
2024,28,122,8,1,
2024,28,122,9,1,
2024,28,122,10,1,
2024,28,122,11,1,
2024,28,122,12,1,
2024,28,193,1,1,
2024,28,193,2,1,
2024,28,193,3,1,
2024,28,193,4,1,
2024,28,193,5,1,
2024,28,193,6,1,
2024,28,193,7,1,
2024,28,193,8,1,
2024,28,193,9,1,
2024,28,193,10,1,
2024,28,193,11,1,
2024,28,193,12,1,
2024,28,194,1,1,
2024,28,194,2,1,
2024,28,194,3,1,
2024,28,194,4,1,
2024,28,194,5,1,
2024,28,194,6,1,
2024,28,194,7,1,
2024,28,194,8,3,**
2024,28,194,9,3,**
2024,28,194,10,1,
2024,28,194,11,1,
2024,28,194,12,1,
2024,28,220,1,1,
2024,28,220,2,1,
2024,28,220,3,1,
2024,28,220,4,1,
2024,28,220,5,3,**
2024,28,220,6,3,**
2024,28,220,7,3,**
2024,28,220,8,3,**
2024,28,220,9,3,**
2024,28,220,10,1,
2024,28,220,11,1,
2024,28,220,12,1,
2024,28,233,1,1,
2024,28,233,2,1,
2024,28,233,3,1,
2024,28,233,4,1,
2024,28,233,5,1,
2024,28,233,6,1,
2024,28,233,7,1,
2024,28,233,8,1,
2024,28,233,9,1,
2024,28,233,10,1,
2024,28,233,11,1,
2024,28,233,12,1,
2024,28,237,1,1,
2024,28,237,2,1,
2024,28,237,3,1,
2024,28,237,4,1,
2024,28,237,5,1,
2024,28,237,6,1,
2024,28,237,7,1,
2024,28,237,8,1,
2024,28,237,9,1,
2024,28,237,10,1,
2024,28,237,11,1,
2024,28,237,12,1,
2024,28,276,1,1,
2024,28,276,2,1,
2024,28,276,3,1,
2024,28,276,4,1,
2024,28,276,5,1,
2024,28,276,6,1,
2024,28,276,7,1,
2024,28,276,8,1,
2024,28,276,9,1,
2024,28,276,10,3,**
2024,28,276,11,1,
2024,28,276,12,3,**
2024,28,277,1,1,
2024,28,277,2,1,
2024,28,277,3,1,
2024,28,277,4,1,
2024,28,277,5,1,
2024,28,277,6,1,
2024,28,277,7,3,**
2024,28,277,8,3,**
2024,28,277,9,3,**
2024,28,277,10,1,
2024,28,277,11,1,
2024,28,277,12,1,
2024,28,281,1,1,
2024,28,281,2,1,
2024,28,281,3,1,
2024,28,281,4,1,
2024,28,281,5,1,
2024,28,281,6,1,
2024,28,281,7,1,
2024,28,281,8,1,
2024,28,281,9,1,
2024,28,281,10,3,**
2024,28,281,11,3,**
2024,28,281,12,3,**
2024,28,282,1,1,
2024,28,282,2,1,
2024,28,282,3,1,
2024,28,282,4,1,
2024,28,282,5,1,
2024,28,282,6,1,
2024,28,282,7,1,
2024,28,282,8,1,
2024,28,282,9,1,
2024,28,282,10,1,
2024,28,282,11,1,
2024,28,282,12,1,
2024,28,294,1,1,
2024,28,294,2,1,
2024,28,294,3,1,
2024,28,294,4,1,
2024,28,294,5,1,
2024,28,294,6,1,
2024,28,294,7,1,
2024,28,294,8,3,**
2024,28,294,9,3,**
2024,28,294,10,3,**
2024,28,294,11,1,
2024,28,294,12,3,**
2024,28,300,1,1,
2024,28,300,2,1,
2024,28,300,3,1,
2024,28,300,4,1,
2024,28,300,5,1,
2024,28,300,6,1,
2024,28,300,7,1,
2024,28,300,8,1,
2024,28,300,9,1,
2024,28,300,10,1,
2024,28,300,11,1,
2024,28,300,12,1,
2024,28,308,1,1,
2024,28,308,2,1,
2024,28,308,3,1,
2024,28,308,4,1,
2024,28,308,5,1,
2024,28,308,6,1,
2024,28,308,7,3,**
2024,28,308,8,3,**
2024,28,308,9,3,**
2024,28,308,10,1,
2024,28,308,11,1,
2024,28,308,12,1,
2024,28,314,1,1,
2024,28,314,2,1,
2024,28,314,3,1,
2024,28,314,4,1,
2024,28,314,5,1,
2024,28,314,6,1,
2024,28,314,7,3,**
2024,28,314,8,1,
2024,28,314,9,3,**
2024,28,314,10,1,
2024,28,314,11,1,
2024,28,314,12,1,
2024,28,322,1,1,
2024,28,322,2,1,
2024,28,322,3,1,
2024,28,322,4,1,
2024,28,322,5,1,
2024,28,322,6,1,
2024,28,322,7,3,**
2024,28,322,8,3,**
2024,28,322,9,3,**
2024,28,322,10,3,**
2024,28,322,11,3,**
2024,28,322,12,3,**
2024,29,88,1,1,
2024,29,88,2,1,
2024,29,88,3,1,
2024,29,88,4,1,
2024,29,88,5,1,
2024,29,88,6,1,
2024,29,88,7,1,
2024,29,88,8,1,
2024,29,88,9,1,
2024,29,88,10,3,**
2024,29,88,11,1,
2024,29,88,12,3,**
2024,29,174,1,1,
2024,29,174,2,1,
2024,29,174,3,1,
2024,29,174,4,1,
2024,29,174,5,1,
2024,29,174,6,1,
2024,29,174,7,1,
2024,29,174,8,1,
2024,29,174,9,3,**
2024,29,174,10,1,
2024,29,174,11,1,
2024,29,174,12,1,
2024,29,267,1,1,
2024,29,267,2,1,
2024,29,267,3,1,
2024,29,267,4,1,
2024,29,267,5,1,
2024,29,267,6,1,
2024,29,267,7,1,
2024,29,267,8,3,**
2024,29,267,9,3,**
2024,29,267,10,1,
2024,29,267,11,1,
2024,29,267,12,1,
2024,30,3,1,1,
2024,30,3,2,1,
2024,30,3,3,1,
2024,30,3,4,1,
2024,30,3,5,1,
2024,30,3,6,1,
2024,30,3,7,1,
2024,30,3,8,1,
2024,30,3,9,1,
2024,30,3,10,3,**
2024,30,3,11,3,**
2024,30,3,12,3,**
2024,30,106,1,1,
2024,30,106,2,1,
2024,30,106,3,1,
2024,30,106,4,1,
2024,30,106,5,1,
2024,30,106,6,1,
2024,30,106,7,3,**
2024,30,106,8,3,**
2024,30,106,9,3,**
2024,30,106,10,1,
2024,30,106,11,1,
2024,30,106,12,1,
2024,30,158,1,1,
2024,30,158,2,1,
2024,30,158,3,1,
2024,30,158,4,1,
2024,30,158,5,3,**
2024,30,158,6,3,**
2024,30,158,7,1,
2024,30,158,8,1,
2024,30,158,9,1,
2024,30,158,10,3,**
2024,30,158,11,1,
2024,30,158,12,3,**
2024,30,171,1,5,N/A
2024,30,171,2,5,N/A
2024,30,171,3,5,N/A
2024,30,171,4,5,N/A
2024,30,171,5,5,N/A
2024,30,171,6,5,N/A
2024,30,171,7,5,N/A
2024,30,171,8,5,N/A
2024,30,171,9,5,N/A
2024,30,171,10,5,N/A
2024,30,171,11,5,N/A
2024,30,171,12,5,N/A
2024,30,280,1,1,
2024,30,280,2,1,
2024,30,280,3,1,
2024,30,280,4,1,
2024,30,280,5,1,
2024,30,280,6,1,
2024,30,280,7,1,
2024,30,280,8,1,
2024,30,280,9,1,
2024,30,280,10,1,
2024,30,280,11,1,
2024,30,280,12,1,
