ReportingPeriodKey,StateKey,IssuerKey,ClaimsReceivedOutOfNetwork,ClaimsReceivedInNetwork,ClaimsDeniedOutOfNetwork,ClaimsDeniedInNetwork,ClaimsResubmittedOutOfNetwork,ClaimsResubmittedInNetwork,InternalAppealsFiled,InternalAppealsOverturned,InternalAppealsOverturnPctPublished,ExternalAppealsFiled,ExternalAppealsOverturned,ExternalAppealsOverturnPctPublished,SourcePlanRowCount,SourceSheetCount,SourceSheets,SourceFileName,SourceFileSHA256
2024,1,47,1241,9127,525,1615,22,176,,,,0,0,0.0,3,1,Transparency 2026 - Ind SADP,Transparency_in_Coverage_PUF.xlsx,27379dc76590027b0e6d21d736331f87376f0ac87810d68e9f7cca555eef4b1f
2024,1,121,41736,777414,21282,210082,5613,82360,187,89,47.59,,,,10,2,Transparency 2026 - Ind QHP | Transparency 2026 - Ind SADP,Transparency_in_Coverage_PUF.xlsx,27379dc76590027b0e6d21d736331f87376f0ac87810d68e9f7cca555eef4b1f
2024,1,256,35374,168684,66671,29231,1290,14089,35,17,48.57,0,0,0.0,7,1,Transparency 2026 - Ind QHP,Transparency_in_Coverage_PUF.xlsx,27379dc76590027b0e6d21d736331f87376f0ac87810d68e9f7cca555eef4b1f
2024,1,260,80,34,34,12,,0,,,,0,0,0.0,4,1,Transparency 2026 - Ind SADP,Transparency_in_Coverage_PUF.xlsx,27379dc76590027b0e6d21d736331f87376f0ac87810d68e9f7cca555eef4b1f
2024,2,11,,37,,,,,0,0,0.0,,,,4,1,Transparency 2026 - Ind SADP,Transparency_in_Coverage_PUF.xlsx,27379dc76590027b0e6d21d736331f87376f0ac87810d68e9f7cca555eef4b1f
2024,2,28,,,,,,,,,,,,,9,1,Transparency 2026 - Ind QHP,Transparency_in_Coverage_PUF.xlsx,27379dc76590027b0e6d21d736331f87376f0ac87810d68e9f7cca555eef4b1f
2024,2,32,1369,5947,647,2557,0,0,0,0,0.0,0,0,0.0,3,1,Transparency 2026 - Ind SADP,Transparency_in_Coverage_PUF.xlsx,27379dc76590027b0e6d21d736331f87376f0ac87810d68e9f7cca555eef4b1f
2024,2,72,2034,7651,792,1907,147,411,0,0,0.0,0,0,0.0,5,1,Transparency 2026 - Ind SADP,Transparency_in_Coverage_PUF.xlsx,27379dc76590027b0e6d21d736331f87376f0ac87810d68e9f7cca555eef4b1f
2024,2,144,2691,20563,753,4462,,,14,0,0.0,0,0,0.0,3,1,Transparency 2026 - Ind SADP,Transparency_in_Coverage_PUF.xlsx,27379dc76590027b0e6d21d736331f87376f0ac87810d68e9f7cca555eef4b1f
2024,2,152,9391,8905,4146,3357,958,582,,0,,0,0,0.0,4,1,Transparency 2026 - Ind SADP,Transparency_in_Coverage_PUF.xlsx,27379dc76590027b0e6d21d736331f87376f0ac87810d68e9f7cca555eef4b1f
2024,2,153,204199,10704172,181561,2038603,40988,869832,5200,2608,50.15,13,0,0.0,22,3,Transparency 2026 - Ind QHP | Transparency 2026 - Ind SADP | Transparency 2026 - SHOP,Transparency_in_Coverage_PUF.xlsx,27379dc76590027b0e6d21d736331f87376f0ac87810d68e9f7cca555eef4b1f
2024,2,180,551207,1644320,85607,352236,2811,183344,377,,,,0,,19,1,Transparency 2026 - Ind QHP,Transparency_in_Coverage_PUF.xlsx,27379dc76590027b0e6d21d736331f87376f0ac87810d68e9f7cca555eef4b1f
2024,2,202,523,1465,132,526,,17,,,,0,0,0.0,3,1,Transparency 2026 - Ind SADP,Transparency_in_Coverage_PUF.xlsx,27379dc76590027b0e6d21d736331f87376f0ac87810d68e9f7cca555eef4b1f
2024,2,235,1396975,6010107,794119,1073259,117361,687930,2741,1054,38.45,,,,13,1,Transparency 2026 - Ind QHP,Transparency_in_Coverage_PUF.xlsx,27379dc76590027b0e6d21d736331f87376f0ac87810d68e9f7cca555eef4b1f
2024,2,286,1939,23217,797,6620,64,320,41,,,0,0,0.0,3,1,Transparency 2026 - Ind SADP,Transparency_in_Coverage_PUF.xlsx,27379dc76590027b0e6d21d736331f87376f0ac87810d68e9f7cca555eef4b1f
2024,3,14,24373,1506621,8584,248827,196,32070,1247,363,29.11,,0,,8,1,Transparency 2026 - Ind QHP,Transparency_in_Coverage_PUF.xlsx,27379dc76590027b0e6d21d736331f87376f0ac87810d68e9f7cca555eef4b1f
2024,3,64,,,,,,,,,,,,,4,1,Transparency 2026 - Ind SADP,Transparency_in_Coverage_PUF.xlsx,27379dc76590027b0e6d21d736331f87376f0ac87810d68e9f7cca555eef4b1f
2024,3,68,426,16788,213,2936,42,1218,0,0,0.0,0,0,0.0,5,1,Transparency 2026 - Ind SADP,Transparency_in_Coverage_PUF.xlsx,27379dc76590027b0e6d21d736331f87376f0ac87810d68e9f7cca555eef4b1f
2024,3,118,124177,1680519,10461,262731,1327,183566,397,0,0.0,0,0,0.0,7,1,Transparency 2026 - Ind QHP,Transparency_in_Coverage_PUF.xlsx,27379dc76590027b0e6d21d736331f87376f0ac87810d68e9f7cca555eef4b1f
2024,3,165,8685,766146,3345,123118,42,20813,686,220,32.07,0,0,0.0,6,1,Transparency 2026 - Ind QHP,Transparency_in_Coverage_PUF.xlsx,27379dc76590027b0e6d21d736331f87376f0ac87810d68e9f7cca555eef4b1f
2024,3,208,576856,8079882,51904,1297980,5462,778344,1813,0,0.0,0,0,0.0,14,1,Transparency 2026 - Ind QHP,Transparency_in_Coverage_PUF.xlsx,27379dc76590027b0e6d21d736331f87376f0ac87810d68e9f7cca555eef4b1f
2024,3,242,121950,1593974,11076,245717,1294,175655,346,0,0.0,0,0,0.0,11,1,Transparency 2026 - Ind QHP,Transparency_in_Coverage_PUF.xlsx,27379dc76590027b0e6d21d736331f87376f0ac87810d68e9f7cca555eef4b1f
2024,3,263,19729,4295266,7106,669702,36,179074,7600,2400,31.58,35,13,37.14,14,2,Transparency 2026 - Ind QHP | Transparency 2026 - Ind SADP,Transparency_in_Coverage_PUF.xlsx,27379dc76590027b0e6d21d736331f87376f0ac87810d68e9f7cca555eef4b1f
2024,4,9,844,1119,580,543,11,0,,0,,0,0,0.0,3,1,Transparency 2026 - Ind SADP,Transparency_in_Coverage_PUF.xlsx,27379dc76590027b0e6d21d736331f87376f0ac87810d68e9f7cca555eef4b1f
2024,4,18,51923,292877,37208,82246,2311,13850,4434,918,20.7,152,50,32.89,18,1,Transparency 2026 - Ind QHP,Transparency_in_Coverage_PUF.xlsx,27379dc76590027b0e6d21d736331f87376f0ac87810d68e9f7cca555eef4b1f
2024,4,31,738,3561,319,1515,0,0,0,0,0.0,0,0,0.0,4,1,Transparency 2026 - Ind SADP,Transparency_in_Coverage_PUF.xlsx,27379dc76590027b0e6d21d736331f87376f0ac87810d68e9f7cca555eef4b1f
2024,4,54,112,766,46,413,,,,,,0,0,0.0,3,1,Transparency 2026 - Ind SADP,Transparency_in_Coverage_PUF.xlsx,27379dc76590027b0e6d21d736331f87376f0ac87810d68e9f7cca555eef4b1f
2024,4,81,1765,42715,1009,12738,148,2887,14,,,,0,,2,1,Transparency 2026 - Ind SADP,Transparency_in_Coverage_PUF.xlsx,27379dc76590027b0e6d21d736331f87376f0ac87810d68e9f7cca555eef4b1f
2024,4,102,1451,9053,1286,6742,0,0,15,,,0,0,0.0,1,1,Transparency 2026 - Ind SADP,Transparency_in_Coverage_PUF.xlsx,27379dc76590027b0e6d21d736331f87376f0ac87810d68e9f7cca555eef4b1f
2024,4,131,393847,2715431,236835,646181,34574,280840,2607,993,38.09,33,,,14,1,Transparency 2026 - Ind QHP,Transparency_in_Coverage_PUF.xlsx,27379dc76590027b0e6d21d736331f87376f0ac87810d68e9f7cca555eef4b1f
2024,4,178,8889,15597,3064,5850,677,1022,,,,0,0,0.0,5,1,Transparency 2026 - Ind SADP,Transparency_in_Coverage_PUF.xlsx,27379dc76590027b0e6d21d736331f87376f0ac87810d68e9f7cca555eef4b1f
2024,4,179,82443,1522332,77924,233016,6117,183125,4769,1806,37.87,180,36,20.0,115,1,Transparency 2026 - Ind QHP,Transparency_in_Coverage_PUF.xlsx,27379dc76590027b0e6d21d736331f87376f0ac87810d68e9f7cca555eef4b1f
2024,4,221,1276,15828,343,4259,0,35,14,,,0,0,0.0,2,1,Transparency 2026 - Ind SADP,Transparency_in_Coverage_PUF.xlsx,27379dc76590027b0e6d21d736331f87376f0ac87810d68e9f7cca555eef4b1f
2024,4,231,,,,,,,,,,,,,16,1,Transparency 2026 - Ind QHP,Transparency_in_Coverage_PUF.xlsx,27379dc76590027b0e6d21d736331f87376f0ac87810d68e9f7cca555eef4b1f
2024,4,270,18,33,12,,,,0,0,0.0,0,0,0.0,4,1,Transparency 2026 - Ind SADP,Transparency_in_Coverage_PUF.xlsx,27379dc76590027b0e6d21d736331f87376f0ac87810d68e9f7cca555eef4b1f
2024,4,284,1796,4031,1557,1001,0,0,15,,,0,0,0.0,1,1,Transparency 2026 - Ind SADP,Transparency_in_Coverage_PUF.xlsx,27379dc76590027b0e6d21d736331f87376f0ac87810d68e9f7cca555eef4b1f
2024,4,292,1324,2393,603,793,22,26,,,,0,0,0.0,5,1,Transparency 2026 - Ind QHP,Transparency_in_Coverage_PUF.xlsx,27379dc76590027b0e6d21d736331f87376f0ac87810d68e9f7cca555eef4b1f
2024,4,296,1708,7142,575,2444,77,451,71,13,18.31,0,0,0.0,2,1,Transparency 2026 - Ind SADP,Transparency_in_Coverage_PUF.xlsx,27379dc76590027b0e6d21d736331f87376f0ac87810d68e9f7cca555eef4b1f
2024,4,312,378567,3202241,97626,596289,25486,438869,502,14,,,0,,17,1,Transparency 2026 - Ind QHP,Transparency_in_Coverage_PUF.xlsx,27379dc76590027b0e6d21d736331f87376f0ac87810d68e9f7cca555eef4b1f
2024,4,335,9833,139645,9371,22637,438,4253,39,22,56.41,,,,16,1,Transparency 2026 - Ind QHP,Transparency_in_Coverage_PUF.xlsx,27379dc76590027b0e6d21d736331f87376f0ac87810d68e9f7cca555eef4b1f
2024,5,61,2752,11172,681,2242,117,88,19,,,0,0,0.0,2,1,Transparency 2026 - Ind SADP,Transparency_in_Coverage_PUF.xlsx,27379dc76590027b0e6d21d736331f87376f0ac87810d68e9f7cca555eef4b1f
2024,5,218,2695,24728,882,6979,23,337,,0,,0,0,0.0,17,1,Transparency 2026 - Ind QHP,Transparency_in_Coverage_PUF.xlsx,27379dc76590027b0e6d21d736331f87376f0ac87810d68e9f7cca555eef4b1f
2024,5,226,1373,2876,346,591,14,45,,,,0,0,0.0,10,1,Transparency 2026 - Ind SADP,Transparency_in_Coverage_PUF.xlsx,27379dc76590027b0e6d21d736331f87376f0ac87810d68e9f7cca555eef4b1f
2024,5,250,16445,165638,7506,46346,5779,33608,31,14,45.16,0,0,0.0,8,1,Transparency 2026 - Ind QHP,Transparency_in_Coverage_PUF.xlsx,27379dc76590027b0e6d21d736331f87376f0ac87810d68e9f7cca555eef4b1f
2024,5,266,46365,2042140,18805,387306,2504,1013,222,68,30.63,,,,15,1,Transparency 2026 - Ind QHP,Transparency_in_Coverage_PUF.xlsx,27379dc76590027b0e6d21d736331f87376f0ac87810d68e9f7cca555eef4b1f
2024,6,19,,,,,,,,,,,,,5,1,Transparency 2026 - Ind QHP,Transparency_in_Coverage_PUF.xlsx,27379dc76590027b0e6d21d736331f87376f0ac87810d68e9f7cca555eef4b1f
2024,6,24,13229,127332,10812,91259,0,0,0,0,0.0,0,0,0.0,5,1,Transparency 2026 - Ind SADP,Transparency_in_Coverage_PUF.xlsx,27379dc76590027b0e6d21d736331f87376f0ac87810d68e9f7cca555eef4b1f
2024,6,25,5057,52493,1596,15282,16,91,23,,,0,0,0.0,3,1,Transparency 2026 - Ind SADP,Transparency_in_Coverage_PUF.xlsx,27379dc76590027b0e6d21d736331f87376f0ac87810d68e9f7cca555eef4b1f
2024,6,26,1031825,22220889,248604,4251990,112051,1320681,3012,1433,47.58,170,78,45.88,33,1,Transparency 2026 - Ind QHP,Transparency_in_Coverage_PUF.xlsx,27379dc76590027b0e6d21d736331f87376f0ac87810d68e9f7cca555eef4b1f
2024,6,29,21,197,13,69,,13,0,0,0.0,,,,4,1,Transparency 2026 - Ind SADP,Transparency_in_Coverage_PUF.xlsx,27379dc76590027b0e6d21d736331f87376f0ac87810d68e9f7cca555eef4b1f
2024,6,40,37292,431996,16682,118089,843,6700,25,,,0,0,0.0,64,1,Transparency 2026 - Ind QHP,Transparency_in_Coverage_PUF.xlsx,27379dc76590027b0e6d21d736331f87376f0ac87810d68e9f7cca555eef4b1f
2024,6,46,,,,,,,,,,,,,34,1,Transparency 2026 - Ind QHP,Transparency_in_Coverage_PUF.xlsx,27379dc76590027b0e6d21d736331f87376f0ac87810d68e9f7cca555eef4b1f
2024,6,82,10077,59662,3580,20412,0,0,0,0,0.0,0,0,0.0,4,1,Transparency 2026 - Ind SADP,Transparency_in_Coverage_PUF.xlsx,27379dc76590027b0e6d21d736331f87376f0ac87810d68e9f7cca555eef4b1f
2024,6,83,474833,42561091,83200,10507969,56382,2534988,3129,1402,44.81,153,77,50.33,83,1,Transparency 2026 - Ind QHP,Transparency_in_Coverage_PUF.xlsx,27379dc76590027b0e6d21d736331f87376f0ac87810d68e9f7cca555eef4b1f
2024,6,114,158074,2123475,101847,475722,32666,185022,403,255,63.28,37,,,24,1,Transparency 2026 - Ind QHP,Transparency_in_Coverage_PUF.xlsx,27379dc76590027b0e6d21d736331f87376f0ac87810d68e9f7cca555eef4b1f
2024,6,137,3949,19794,3434,13482,0,0,100,44,44.0,0,0,0.0,3,1,Transparency 2026 - Ind SADP,Transparency_in_Coverage_PUF.xlsx,27379dc76590027b0e6d21d736331f87376f0ac87810d68e9f7cca555eef4b1f
2024,6,142,,,,,,,,,,,,,13,1,Transparency 2026 - Ind QHP,Transparency_in_Coverage_PUF.xlsx,27379dc76590027b0e6d21d736331f87376f0ac87810d68e9f7cca555eef4b1f
2024,6,161,157117,4620013,134858,926080,5594,161971,1210,389,32.15,15,,,28,2,Transparency 2026 - Ind QHP | Transparency 2026 - Ind SADP,Transparency_in_Coverage_PUF.xlsx,27379dc76590027b0e6d21d736331f87376f0ac87810d68e9f7cca555eef4b1f
2024,6,162,2874,10740,1274,3270,262,762,0,0,0.0,,,,5,1,Transparency 2026 - Ind SADP,Transparency_in_Coverage_PUF.xlsx,27379dc76590027b0e6d21d736331f87376f0ac87810d68e9f7cca555eef4b1f
2024,6,168,,,,,,,,,,,,,38,1,Transparency 2026 - Ind QHP,Transparency_in_Coverage_PUF.xlsx,27379dc76590027b0e6d21d736331f87376f0ac87810d68e9f7cca555eef4b1f
2024,6,181,161927,1447710,72623,341296,20605,237745,82,19,23.17,0,0,0.0,22,1,Transparency 2026 - Ind QHP,Transparency_in_Coverage_PUF.xlsx,27379dc76590027b0e6d21d736331f87376f0ac87810d68e9f7cca555eef4b1f
2024,6,185,90389,3536806,68552,602771,201,67381,1024,281,27.44,36,19,52.78,23,1,Transparency 2026 - Ind QHP,Transparency_in_Coverage_PUF.xlsx,27379dc76590027b0e6d21d736331f87376f0ac87810d68e9f7cca555eef4b1f
2024,6,201,137,4459,118,2787,0,,,0,,0,0,0.0,3,1,Transparency 2026 - Ind SADP,Transparency_in_Coverage_PUF.xlsx,27379dc76590027b0e6d21d736331f87376f0ac87810d68e9f7cca555eef4b1f
2024,6,225,19667,540104,4356,35255,978,17487,257,87,33.85,,,,8,1,Transparency 2026 - Ind QHP,Transparency_in_Coverage_PUF.xlsx,27379dc76590027b0e6d21d736331f87376f0ac87810d68e9f7cca555eef4b1f
2024,6,227,12571,79451,7584,20441,4788,13607,,,,0,0,0.0,8,1,Transparency 2026 - Ind QHP,Transparency_in_Coverage_PUF.xlsx,27379dc76590027b0e6d21d736331f87376f0ac87810d68e9f7cca555eef4b1f
2024,6,229,1012085,3564380,473962,719832,79970,422214,3373,882,26.15,18,,,17,1,Transparency 2026 - Ind QHP,Transparency_in_Coverage_PUF.xlsx,27379dc76590027b0e6d21d736331f87376f0ac87810d68e9f7cca555eef4b1f
2024,6,258,1672,8849,698,2713,76,892,,,,0,0,0.0,6,1,Transparency 2026 - Ind SADP,Transparency_in_Coverage_PUF.xlsx,27379dc76590027b0e6d21d736331f87376f0ac87810d68e9f7cca555eef4b1f
2024,6,278,,,,,,,,,,,,,5,1,Transparency 2026 - Ind QHP,Transparency_in_Coverage_PUF.xlsx,27379dc76590027b0e6d21d736331f87376f0ac87810d68e9f7cca555eef4b1f
2024,6,293,476090,1271365,87510,256694,1194,5199,437,,,,0,,7,1,Transparency 2026 - Ind QHP,Transparency_in_Coverage_PUF.xlsx,27379dc76590027b0e6d21d736331f87376f0ac87810d68e9f7cca555eef4b1f
2024,6,336,13805,137313,5671,47090,228,1953,1203,16518,1373.07,5650,0,0.0,5,1,Transparency 2026 - Ind SADP,Transparency_in_Coverage_PUF.xlsx,27379dc76590027b0e6d21d736331f87376f0ac87810d68e9f7cca555eef4b1f
2024,6,342,17627,32850,7965,13439,1694,3170,,,,0,0,0.0,5,1,Transparency 2026 - Ind SADP,Transparency_in_Coverage_PUF.xlsx,27379dc76590027b0e6d21d736331f87376f0ac87810d68e9f7cca555eef4b1f
2024,7,1,,13,,,0,0,,,,0,0,0.0,4,1,Transparency 2026 - Ind SADP,Transparency_in_Coverage_PUF.xlsx,27379dc76590027b0e6d21d736331f87376f0ac87810d68e9f7cca555eef4b1f
2024,7,36,3861,723658,883,198069,16,15825,104,52,50.0,0,0,0.0,12,2,Transparency 2026 - Ind QHP | Transparency 2026 - Ind SADP,Transparency_in_Coverage_PUF.xlsx,27379dc76590027b0e6d21d736331f87376f0ac87810d68e9f7cca555eef4b1f
2024,7,66,,,,,,,,,,,,,3,1,Transparency 2026 - Ind SADP,Transparency_in_Coverage_PUF.xlsx,27379dc76590027b0e6d21d736331f87376f0ac87810d68e9f7cca555eef4b1f
2024,7,89,,,,,,,,,,,,,2,1,Transparency 2026 - Ind SADP,Transparency_in_Coverage_PUF.xlsx,27379dc76590027b0e6d21d736331f87376f0ac87810d68e9f7cca555eef4b1f
2024,7,151,450,10373,159,695,,93,98,57,58.16,0,0,0.0,3,1,Transparency 2026 - Ind SADP,Transparency_in_Coverage_PUF.xlsx,27379dc76590027b0e6d21d736331f87376f0ac87810d68e9f7cca555eef4b1f
2024,7,204,1650,11489,371,584,11,82,33,16,48.48,0,0,0.0,10,1,Transparency 2026 - Ind QHP,Transparency_in_Coverage_PUF.xlsx,27379dc76590027b0e6d21d736331f87376f0ac87810d68e9f7cca555eef4b1f
2024,8,59,140278,3945784,108660,704036,9183,184653,674,221,32.79,,,,10,1,Transparency 2026 - Ind QHP,Transparency_in_Coverage_PUF.xlsx,27379dc76590027b0e6d21d736331f87376f0ac87810d68e9f7cca555eef4b1f
2024,8,149,187918,467434,107872,117430,6107,26987,7284,2167,29.75,144,40,27.78,26,1,Transparency 2026 - Ind QHP,Transparency_in_Coverage_PUF.xlsx,27379dc76590027b0e6d21d736331f87376f0ac87810d68e9f7cca555eef4b1f
2024,8,164,,,,,,,,,,,,,17,1,Transparency 2026 - Ind QHP,Transparency_in_Coverage_PUF.xlsx,27379dc76590027b0e6d21d736331f87376f0ac87810d68e9f7cca555eef4b1f
2024,8,175,1078,1730,677,668,0,0,0,0,0.0,0,0,0.0,4,1,Transparency 2026 - Ind SADP,Transparency_in_Coverage_PUF.xlsx,27379dc76590027b0e6d21d736331f87376f0ac87810d68e9f7cca555eef4b1f
2024,8,186,,,,,,,,,,,,,12,1,Transparency 2026 - Ind QHP,Transparency_in_Coverage_PUF.xlsx,27379dc76590027b0e6d21d736331f87376f0ac87810d68e9f7cca555eef4b1f
2024,8,214,352,33950,234,6160,0,85,,0,,0,0,0.0,3,1,Transparency 2026 - Ind SADP,Transparency_in_Coverage_PUF.xlsx,27379dc76590027b0e6d21d736331f87376f0ac87810d68e9f7cca555eef4b1f
2024,8,244,264,220,102,70,,,0,0,0.0,,,,4,1,Transparency 2026 - Ind SADP,Transparency_in_Coverage_PUF.xlsx,27379dc76590027b0e6d21d736331f87376f0ac87810d68e9f7cca555eef4b1f
2024,8,262,,,,,,,,,,,,,12,1,Transparency 2026 - Ind QHP,Transparency_in_Coverage_PUF.xlsx,27379dc76590027b0e6d21d736331f87376f0ac87810d68e9f7cca555eef4b1f
2024,8,316,41057,420450,37883,89569,10017,47257,195,98,50.26,,,,45,1,Transparency 2026 - Ind QHP,Transparency_in_Coverage_PUF.xlsx,27379dc76590027b0e6d21d736331f87376f0ac87810d68e9f7cca555eef4b1f
2024,9,27,842,1666,310,439,0,101,0,0,0.0,0,0,0.0,6,1,Transparency 2026 - Ind SADP,Transparency_in_Coverage_PUF.xlsx,27379dc76590027b0e6d21d736331f87376f0ac87810d68e9f7cca555eef4b1f
2024,9,33,1001953,2552004,540076,267110,112585,128899,1174,359,30.58,,0,,19,2,Transparency 2026 - Ind QHP | Transparency 2026 - Ind SADP,Transparency_in_Coverage_PUF.xlsx,27379dc76590027b0e6d21d736331f87376f0ac87810d68e9f7cca555eef4b1f
2024,9,73,1517,21395,470,4879,80,1447,0,0,0.0,0,0,0.0,5,1,Transparency 2026 - Ind SADP,Transparency_in_Coverage_PUF.xlsx,27379dc76590027b0e6d21d736331f87376f0ac87810d68e9f7cca555eef4b1f
2024,9,95,70,2156,66,782,,81,,,,0,0,0.0,3,1,Transparency 2026 - Ind SADP,Transparency_in_Coverage_PUF.xlsx,27379dc76590027b0e6d21d736331f87376f0ac87810d68e9f7cca555eef4b1f
2024,9,111,,,,,,,,,,,,,10,1,Transparency 2026 - Ind QHP,Transparency_in_Coverage_PUF.xlsx,27379dc76590027b0e6d21d736331f87376f0ac87810d68e9f7cca555eef4b1f
2024,9,138,307,1771,297,526,,63,26,,,0,0,0.0,4,1,Transparency 2026 - Ind SADP,Transparency_in_Coverage_PUF.xlsx,27379dc76590027b0e6d21d736331f87376f0ac87810d68e9f7cca555eef4b1f
2024,9,182,221570,3524662,161542,638511,29802,345100,5621,935,16.63,436,111,25.46,22,1,Transparency 2026 - Ind QHP,Transparency_in_Coverage_PUF.xlsx,27379dc76590027b0e6d21d736331f87376f0ac87810d68e9f7cca555eef4b1f
2024,9,200,845,2096,561,844,0,0,0,0,0.0,0,0,0.0,4,1,Transparency 2026 - Ind SADP,Transparency_in_Coverage_PUF.xlsx,27379dc76590027b0e6d21d736331f87376f0ac87810d68e9f7cca555eef4b1f
2024,9,251,,,,,,,,,,,,,15,1,Transparency 2026 - Ind QHP,Transparency_in_Coverage_PUF.xlsx,27379dc76590027b0e6d21d736331f87376f0ac87810d68e9f7cca555eef4b1f
2024,9,289,,,,,,,,,,,,,4,1,Transparency 2026 - Ind SADP,Transparency_in_Coverage_PUF.xlsx,27379dc76590027b0e6d21d736331f87376f0ac87810d68e9f7cca555eef4b1f
2024,9,301,337,821,77,193,11,16,0,0,0.0,0,0,0.0,3,1,Transparency 2026 - Ind SADP,Transparency_in_Coverage_PUF.xlsx,27379dc76590027b0e6d21d736331f87376f0ac87810d68e9f7cca555eef4b1f
2024,9,320,44826,384617,42338,75221,865,12241,67,33,49.25,,0,,18,1,Transparency 2026 - Ind QHP,Transparency_in_Coverage_PUF.xlsx,27379dc76590027b0e6d21d736331f87376f0ac87810d68e9f7cca555eef4b1f
2024,9,347,471,1397,162,289,0,12,0,0,0.0,0,0,0.0,2,1,Transparency 2026 - Ind SADP,Transparency_in_Coverage_PUF.xlsx,27379dc76590027b0e6d21d736331f87376f0ac87810d68e9f7cca555eef4b1f
2024,10,5,2771,5000,1150,2066,106,,,0,,0,0,0.0,2,1,Transparency 2026 - Ind SADP,Transparency_in_Coverage_PUF.xlsx,27379dc76590027b0e6d21d736331f87376f0ac87810d68e9f7cca555eef4b1f
2024,10,37,58174,1042704,37482,134229,5031,17057,174,96,55.17,12,,,9,1,Transparency 2026 - Ind QHP,Transparency_in_Coverage_PUF.xlsx,27379dc76590027b0e6d21d736331f87376f0ac87810d68e9f7cca555eef4b1f
2024,10,57,785,1819,256,782,15,24,0,0,0.0,0,0,0.0,3,1,Transparency 2026 - Ind SADP,Transparency_in_Coverage_PUF.xlsx,27379dc76590027b0e6d21d736331f87376f0ac87810d68e9f7cca555eef4b1f
2024,10,104,337936,3865491,65340,734165,6359,497637,1121,20,,17,0,0.0,17,1,Transparency 2026 - Ind QHP,Transparency_in_Coverage_PUF.xlsx,27379dc76590027b0e6d21d736331f87376f0ac87810d68e9f7cca555eef4b1f
2024,10,124,3416,56889,2987,14017,711,5073,27,12,44.44,,,,9,1,Transparency 2026 - Ind QHP,Transparency_in_Coverage_PUF.xlsx,27379dc76590027b0e6d21d736331f87376f0ac87810d68e9f7cca555eef4b1f
2024,10,139,84629,296092,46238,77239,3343,16794,4096,1440,35.16,80,15,18.75,7,1,Transparency 2026 - Ind QHP,Transparency_in_Coverage_PUF.xlsx,27379dc76590027b0e6d21d736331f87376f0ac87810d68e9f7cca555eef4b1f
2024,10,207,691,9657,1127,3893,0,0,0,0,0.0,0,0,0.0,4,1,Transparency 2026 - Ind SADP,Transparency_in_Coverage_PUF.xlsx,27379dc76590027b0e6d21d736331f87376f0ac87810d68e9f7cca555eef4b1f
2024,10,217,96,391,34,120,,24,0,0,0.0,,,,4,1,Transparency 2026 - Ind SADP,Transparency_in_Coverage_PUF.xlsx,27379dc76590027b0e6d21d736331f87376f0ac87810d68e9f7cca555eef4b1f
2024,10,319,2334,102463,1923,20939,350,7936,44,17,38.64,0,0,0.0,9,1,Transparency 2026 - Ind QHP,Transparency_in_Coverage_PUF.xlsx,27379dc76590027b0e6d21d736331f87376f0ac87810d68e9f7cca555eef4b1f
2024,10,323,210209,935058,130303,167716,34376,118329,915,288,31.48,,0,,15,1,Transparency 2026 - Ind QHP,Transparency_in_Coverage_PUF.xlsx,27379dc76590027b0e6d21d736331f87376f0ac87810d68e9f7cca555eef4b1f
2024,10,324,4065,9837,1382,2608,318,648,0,0,0.0,0,0,0.0,3,1,Transparency 2026 - Ind SADP,Transparency_in_Coverage_PUF.xlsx,27379dc76590027b0e6d21d736331f87376f0ac87810d68e9f7cca555eef4b1f
2024,11,8,969,867,583,397,,,12,0,0.0,0,0,0.0,3,1,Transparency 2026 - Ind SADP,Transparency_in_Coverage_PUF.xlsx,27379dc76590027b0e6d21d736331f87376f0ac87810d68e9f7cca555eef4b1f
2024,11,38,998,4870,323,1350,,34,,0,,0,0,0.0,2,1,Transparency 2026 - Ind SADP,Transparency_in_Coverage_PUF.xlsx,27379dc76590027b0e6d21d736331f87376f0ac87810d68e9f7cca555eef4b1f
2024,11,39,556952,5472870,9504,993016,624,2272,1813,602,33.2,247,56,22.67,40,1,Transparency 2026 - Ind QHP,Transparency_in_Coverage_PUF.xlsx,27379dc76590027b0e6d21d736331f87376f0ac87810d68e9f7cca555eef4b1f
2024,11,71,451,643,172,221,39,28,0,0,0.0,0,0,0.0,4,1,Transparency 2026 - Ind SADP,Transparency_in_Coverage_PUF.xlsx,27379dc76590027b0e6d21d736331f87376f0ac87810d68e9f7cca555eef4b1f
2024,11,120,,,,,,,,,,,,,8,1,Transparency 2026 - Ind QHP,Transparency_in_Coverage_PUF.xlsx,27379dc76590027b0e6d21d736331f87376f0ac87810d68e9f7cca555eef4b1f
2024,11,145,1037,3774,253,737,0,11,0,0,0.0,0,0,0.0,1,1,Transparency 2026 - Ind SADP,Transparency_in_Coverage_PUF.xlsx,27379dc76590027b0e6d21d736331f87376f0ac87810d68e9f7cca555eef4b1f
2024,11,239,521755,1031551,301175,248739,25412,109602,521,182,34.93,,,,13,1,Transparency 2026 - Ind QHP,Transparency_in_Coverage_PUF.xlsx,27379dc76590027b0e6d21d736331f87376f0ac87810d68e9f7cca555eef4b1f
2024,11,274,,,,,,,,,,,,,4,1,Transparency 2026 - Ind SADP,Transparency_in_Coverage_PUF.xlsx,27379dc76590027b0e6d21d736331f87376f0ac87810d68e9f7cca555eef4b1f
2024,11,299,1086,1569,515,652,0,0,0,0,0.0,0,0,0.0,3,1,Transparency 2026 - Ind SADP,Transparency_in_Coverage_PUF.xlsx,27379dc76590027b0e6d21d736331f87376f0ac87810d68e9f7cca555eef4b1f
2024,11,311,406869,1704183,111146,326106,1825,7378,289,,,,0,,17,1,Transparency 2026 - Ind QHP,Transparency_in_Coverage_PUF.xlsx,27379dc76590027b0e6d21d736331f87376f0ac87810d68e9f7cca555eef4b1f
2024,11,329,80498,992770,8666,147920,226,314,364,117,32.14,41,,,11,2,Transparency 2026 - Ind QHP | Transparency 2026 - Ind SADP,Transparency_in_Coverage_PUF.xlsx,27379dc76590027b0e6d21d736331f87376f0ac87810d68e9f7cca555eef4b1f
2024,11,340,84097,154775,44261,22585,3253,3312,1566,641,40.93,0,0,0.0,15,1,Transparency 2026 - Ind QHP,Transparency_in_Coverage_PUF.xlsx,27379dc76590027b0e6d21d736331f87376f0ac87810d68e9f7cca555eef4b1f
2024,12,22,434890,1807844,74902,236257,6489,110220,203,95,46.8,78,,,15,2,Transparency 2026 - Ind QHP | Transparency 2026 - Ind SADP,Transparency_in_Coverage_PUF.xlsx,27379dc76590027b0e6d21d736331f87376f0ac87810d68e9f7cca555eef4b1f
2024,12,23,1148,3368,405,733,0,119,0,0,0.0,0,0,0.0,6,1,Transparency 2026 - Ind SADP,Transparency_in_Coverage_PUF.xlsx,27379dc76590027b0e6d21d736331f87376f0ac87810d68e9f7cca555eef4b1f
2024,12,79,113292,4106893,44180,324164,12661,141732,130,28,21.54,,0,,49,1,Transparency 2026 - Ind QHP,Transparency_in_Coverage_PUF.xlsx,27379dc76590027b0e6d21d736331f87376f0ac87810d68e9f7cca555eef4b1f
2024,12,87,20,23,,,0,,0,0,0.0,0,0,0.0,3,1,Transparency 2026 - Ind SADP,Transparency_in_Coverage_PUF.xlsx,27379dc76590027b0e6d21d736331f87376f0ac87810d68e9f7cca555eef4b1f
2024,12,109,6077,118261,1658,19820,334,7890,,0,,0,0,0.0,5,1,Transparency 2026 - Ind SADP,Transparency_in_Coverage_PUF.xlsx,27379dc76590027b0e6d21d736331f87376f0ac87810d68e9f7cca555eef4b1f
2024,12,112,18,121,13,81,0,26,0,0,0.0,,0,,4,1,Transparency 2026 - Ind SADP,Transparency_in_Coverage_PUF.xlsx,27379dc76590027b0e6d21d736331f87376f0ac87810d68e9f7cca555eef4b1f
2024,12,128,,,,,,,,,,,,,29,1,Transparency 2026 - Ind QHP,Transparency_in_Coverage_PUF.xlsx,27379dc76590027b0e6d21d736331f87376f0ac87810d68e9f7cca555eef4b1f
2024,12,195,788871,3404769,117882,941541,5725,366059,844,,,,0,,9,1,Transparency 2026 - Ind QHP,Transparency_in_Coverage_PUF.xlsx,27379dc76590027b0e6d21d736331f87376f0ac87810d68e9f7cca555eef4b1f
2024,12,209,1052,4925,273,885,0,15,11,0,0.0,0,0,0.0,1,1,Transparency 2026 - Ind SADP,Transparency_in_Coverage_PUF.xlsx,27379dc76590027b0e6d21d736331f87376f0ac87810d68e9f7cca555eef4b1f
2024,12,216,301,1364,179,168,0,0,11,,,0,0,0.0,2,1,Transparency 2026 - Ind SADP,Transparency_in_Coverage_PUF.xlsx,27379dc76590027b0e6d21d736331f87376f0ac87810d68e9f7cca555eef4b1f
2024,12,223,2431,3957,1594,1304,0,0,0,0,0.0,0,0,0.0,3,1,Transparency 2026 - Ind SADP,Transparency_in_Coverage_PUF.xlsx,27379dc76590027b0e6d21d736331f87376f0ac87810d68e9f7cca555eef4b1f
2024,12,247,330437,780202,190513,204912,27624,103245,671,159,23.7,0,0,0.0,13,1,Transparency 2026 - Ind QHP,Transparency_in_Coverage_PUF.xlsx,27379dc76590027b0e6d21d736331f87376f0ac87810d68e9f7cca555eef4b1f
2024,12,261,8797,100136,7988,19916,139,2029,17,15,88.24,0,0,0.0,9,1,Transparency 2026 - Ind QHP,Transparency_in_Coverage_PUF.xlsx,27379dc76590027b0e6d21d736331f87376f0ac87810d68e9f7cca555eef4b1f
2024,12,272,9741,54216,5953,14778,525,2546,596,183,30.7,46,11,23.91,9,1,Transparency 2026 - Ind QHP,Transparency_in_Coverage_PUF.xlsx,27379dc76590027b0e6d21d736331f87376f0ac87810d68e9f7cca555eef4b1f
2024,12,304,8844,12310,3766,3803,660,897,,,,0,0,0.0,4,1,Transparency 2026 - Ind SADP,Transparency_in_Coverage_PUF.xlsx,27379dc76590027b0e6d21d736331f87376f0ac87810d68e9f7cca555eef4b1f
2024,12,325,102,1695,97,596,,147,,,,0,0,0.0,3,1,Transparency 2026 - Ind SADP,Transparency_in_Coverage_PUF.xlsx,27379dc76590027b0e6d21d736331f87376f0ac87810d68e9f7cca555eef4b1f
2024,12,339,125642,3398397,96908,630298,4105,302329,210,180,85.71,65,,,20,1,Transparency 2026 - Ind QHP,Transparency_in_Coverage_PUF.xlsx,27379dc76590027b0e6d21d736331f87376f0ac87810d68e9f7cca555eef4b1f
2024,13,76,13,81,,36,0,,0,0,0.0,,,,4,1,Transparency 2026 - Ind SADP,Transparency_in_Coverage_PUF.xlsx,27379dc76590027b0e6d21d736331f87376f0ac87810d68e9f7cca555eef4b1f
2024,13,84,898,7393,281,1856,0,13,,,,0,0,0.0,3,1,Transparency 2026 - Ind SADP,Transparency_in_Coverage_PUF.xlsx,27379dc76590027b0e6d21d736331f87376f0ac87810d68e9f7cca555eef4b1f
2024,13,94,307614,3941746,131639,295802,33039,228345,270,98,36.3,0,0,0.0,24,2,Transparency 2026 - Ind QHP | Transparency 2026 - Ind SADP,Transparency_in_Coverage_PUF.xlsx,27379dc76590027b0e6d21d736331f87376f0ac87810d68e9f7cca555eef4b1f
2024,13,107,3260,152989,2865,31697,596,14734,91,30,32.97,0,0,0.0,14,1,Transparency 2026 - Ind QHP,Transparency_in_Coverage_PUF.xlsx,27379dc76590027b0e6d21d736331f87376f0ac87810d68e9f7cca555eef4b1f
2024,13,113,1318,6038,507,1508,109,379,0,0,0.0,,,,5,1,Transparency 2026 - Ind SADP,Transparency_in_Coverage_PUF.xlsx,27379dc76590027b0e6d21d736331f87376f0ac87810d68e9f7cca555eef4b1f
2024,13,129,2939,4791,1392,1911,243,445,,,,0,0,0.0,4,1,Transparency 2026 - Ind SADP,Transparency_in_Coverage_PUF.xlsx,27379dc76590027b0e6d21d736331f87376f0ac87810d68e9f7cca555eef4b1f
2024,13,140,926,3308,314,865,52,245,,0,,0,0,0.0,6,1,Transparency 2026 - Ind SADP,Transparency_in_Coverage_PUF.xlsx,27379dc76590027b0e6d21d736331f87376f0ac87810d68e9f7cca555eef4b1f
2024,13,159,1388,62815,1129,13403,393,14790,20,,,0,0,0.0,10,1,Transparency 2026 - Ind QHP,Transparency_in_Coverage_PUF.xlsx,27379dc76590027b0e6d21d736331f87376f0ac87810d68e9f7cca555eef4b1f
2024,13,166,1220,4191,593,1673,0,0,0,0,0.0,0,0,0.0,3,1,Transparency 2026 - Ind SADP,Transparency_in_Coverage_PUF.xlsx,27379dc76590027b0e6d21d736331f87376f0ac87810d68e9f7cca555eef4b1f
2024,13,177,15692,406622,12444,95180,3028,39580,208,100,48.08,0,0,0.0,30,1,Transparency 2026 - Ind QHP,Transparency_in_Coverage_PUF.xlsx,27379dc76590027b0e6d21d736331f87376f0ac87810d68e9f7cca555eef4b1f
2024,13,197,595,466,281,155,0,0,,0,,0,0,0.0,3,1,Transparency 2026 - Ind SADP,Transparency_in_Coverage_PUF.xlsx,27379dc76590027b0e6d21d736331f87376f0ac87810d68e9f7cca555eef4b1f
2024,13,236,123605,544633,56006,133294,9712,30077,5920,1884,31.82,53,13,24.53,12,1,Transparency 2026 - Ind QHP,Transparency_in_Coverage_PUF.xlsx,27379dc76590027b0e6d21d736331f87376f0ac87810d68e9f7cca555eef4b1f
2024,13,288,351,1038,108,317,,21,0,0,0.0,0,0,0.0,3,1,Transparency 2026 - Ind SADP,Transparency_in_Coverage_PUF.xlsx,27379dc76590027b0e6d21d736331f87376f0ac87810d68e9f7cca555eef4b1f
2024,13,326,388139,1070569,244949,203531,32677,138799,1119,386,34.5,,0,,13,1,Transparency 2026 - Ind QHP,Transparency_in_Coverage_PUF.xlsx,27379dc76590027b0e6d21d736331f87376f0ac87810d68e9f7cca555eef4b1f
2024,13,327,3676,99299,3672,14549,11,1140,24,11,45.83,0,0,0.0,7,1,Transparency 2026 - Ind QHP,Transparency_in_Coverage_PUF.xlsx,27379dc76590027b0e6d21d736331f87376f0ac87810d68e9f7cca555eef4b1f
2024,13,346,590539,5919313,137813,1113385,7081,760709,,0,,0,0,0.0,17,1,Transparency 2026 - Ind QHP,Transparency_in_Coverage_PUF.xlsx,27379dc76590027b0e6d21d736331f87376f0ac87810d68e9f7cca555eef4b1f
2024,14,4,,21,,13,0,,0,0,0.0,,0,,4,1,Transparency 2026 - Ind SADP,Transparency_in_Coverage_PUF.xlsx,27379dc76590027b0e6d21d736331f87376f0ac87810d68e9f7cca555eef4b1f
2024,14,44,,,,,,,,,,,,,7,1,Transparency 2026 - Ind QHP,Transparency_in_Coverage_PUF.xlsx,27379dc76590027b0e6d21d736331f87376f0ac87810d68e9f7cca555eef4b1f
2024,14,167,2611,8788,799,2593,,0,,0,,0,0,0.0,2,1,Transparency 2026 - Ind SADP,Transparency_in_Coverage_PUF.xlsx,27379dc76590027b0e6d21d736331f87376f0ac87810d68e9f7cca555eef4b1f
2024,14,169,1463,3913,736,1523,0,0,0,0,0.0,0,0,0.0,3,1,Transparency 2026 - Ind SADP,Transparency_in_Coverage_PUF.xlsx,27379dc76590027b0e6d21d736331f87376f0ac87810d68e9f7cca555eef4b1f
2024,14,170,1095,7466,420,1905,29,62,,0,,0,0,0.0,2,1,Transparency 2026 - Ind SADP,Transparency_in_Coverage_PUF.xlsx,27379dc76590027b0e6d21d736331f87376f0ac87810d68e9f7cca555eef4b1f
2024,14,189,113128,2495922,103807,691183,3654,88385,257,125,48.64,,,,10,1,Transparency 2026 - Ind QHP,Transparency_in_Coverage_PUF.xlsx,27379dc76590027b0e6d21d736331f87376f0ac87810d68e9f7cca555eef4b1f
2024,14,279,69473,687896,31219,142847,9355,103795,87,54,62.07,0,0,0.0,2,1,Transparency 2026 - Ind QHP,Transparency_in_Coverage_PUF.xlsx,27379dc76590027b0e6d21d736331f87376f0ac87810d68e9f7cca555eef4b1f
2024,14,290,513,1115,182,285,25,74,0,0,0.0,0,0,0.0,3,1,Transparency 2026 - Ind SADP,Transparency_in_Coverage_PUF.xlsx,27379dc76590027b0e6d21d736331f87376f0ac87810d68e9f7cca555eef4b1f
2024,14,310,852494,11374142,196741,1824195,40470,1280186,1147,0,0.0,0,0,0.0,17,1,Transparency 2026 - Ind QHP,Transparency_in_Coverage_PUF.xlsx,27379dc76590027b0e6d21d736331f87376f0ac87810d68e9f7cca555eef4b1f
2024,14,333,50616,314752,30602,67514,2745,33820,196,61,31.12,0,0,0.0,15,1,Transparency 2026 - Ind QHP,Transparency_in_Coverage_PUF.xlsx,27379dc76590027b0e6d21d736331f87376f0ac87810d68e9f7cca555eef4b1f
2024,15,52,316,41,49,,,0,39,,,,0,,11,2,Transparency 2026 - Ind QHP | Transparency 2026 - Ind SADP,Transparency_in_Coverage_PUF.xlsx,27379dc76590027b0e6d21d736331f87376f0ac87810d68e9f7cca555eef4b1f
2024,15,85,80885,1143888,18878,142689,2083,43421,336,104,30.95,16,,,73,2,Transparency 2026 - Ind QHP | Transparency 2026 - Ind SADP,Transparency_in_Coverage_PUF.xlsx,27379dc76590027b0e6d21d736331f87376f0ac87810d68e9f7cca555eef4b1f
2024,15,92,59430,868851,22338,91410,7684,77741,1163,279,23.99,16,,,18,2,Transparency 2026 - Ind QHP | Transparency 2026 - SHOP,Transparency_in_Coverage_PUF.xlsx,27379dc76590027b0e6d21d736331f87376f0ac87810d68e9f7cca555eef4b1f
2024,15,211,194,146,69,65,0,0,0,0,0.0,0,0,0.0,3,1,Transparency 2026 - Ind SADP,Transparency_in_Coverage_PUF.xlsx,27379dc76590027b0e6d21d736331f87376f0ac87810d68e9f7cca555eef4b1f
2024,15,248,4168,11430,1199,2673,56,60,20,,,0,0,0.0,2,1,Transparency 2026 - Ind SADP,Transparency_in_Coverage_PUF.xlsx,27379dc76590027b0e6d21d736331f87376f0ac87810d68e9f7cca555eef4b1f
2024,15,318,148,34,69,18,,0,0,0,0.0,,,,4,1,Transparency 2026 - Ind SADP,Transparency_in_Coverage_PUF.xlsx,27379dc76590027b0e6d21d736331f87376f0ac87810d68e9f7cca555eef4b1f
2024,16,6,776255,16183703,101642,3116071,16988,1417157,2160,779,36.06,88,44,50.0,117,1,Transparency 2026 - Ind QHP,Transparency_in_Coverage_PUF.xlsx,27379dc76590027b0e6d21d736331f87376f0ac87810d68e9f7cca555eef4b1f
2024,16,16,49496,158212,32072,44782,3984,22787,728,95,13.05,,0,,21,1,Transparency 2026 - Ind QHP,Transparency_in_Coverage_PUF.xlsx,27379dc76590027b0e6d21d736331f87376f0ac87810d68e9f7cca555eef4b1f
2024,16,30,68313,387771,30381,109227,30039,75026,74,47,63.51,0,0,0.0,8,1,Transparency 2026 - Ind QHP,Transparency_in_Coverage_PUF.xlsx,27379dc76590027b0e6d21d736331f87376f0ac87810d68e9f7cca555eef4b1f
2024,16,93,10324,25434,2626,5790,74,60,15,,,0,0,0.0,3,1,Transparency 2026 - Ind SADP,Transparency_in_Coverage_PUF.xlsx,27379dc76590027b0e6d21d736331f87376f0ac87810d68e9f7cca555eef4b1f
2024,16,183,261882,1601659,176928,339054,16008,198225,1407,526,37.38,,,,13,1,Transparency 2026 - Ind QHP,Transparency_in_Coverage_PUF.xlsx,27379dc76590027b0e6d21d736331f87376f0ac87810d68e9f7cca555eef4b1f
2024,16,184,13076,27978,7632,9311,0,0,0,0,0.0,0,0,0.0,4,1,Transparency 2026 - Ind SADP,Transparency_in_Coverage_PUF.xlsx,27379dc76590027b0e6d21d736331f87376f0ac87810d68e9f7cca555eef4b1f
2024,16,190,21371,140253,7501,27837,1758,7740,0,0,0.0,0,0,0.0,3,1,Transparency 2026 - Ind SADP,Transparency_in_Coverage_PUF.xlsx,27379dc76590027b0e6d21d736331f87376f0ac87810d68e9f7cca555eef4b1f
2024,16,224,3340,5906,1076,1206,49,110,0,0,0.0,0,0,0.0,6,1,Transparency 2026 - Ind SADP,Transparency_in_Coverage_PUF.xlsx,27379dc76590027b0e6d21d736331f87376f0ac87810d68e9f7cca555eef4b1f
2024,16,238,26311,81081,15993,17549,675,5977,875,320,36.57,34,12,35.29,26,1,Transparency 2026 - Ind QHP,Transparency_in_Coverage_PUF.xlsx,27379dc76590027b0e6d21d736331f87376f0ac87810d68e9f7cca555eef4b1f
2024,16,257,69246,1009831,64396,162599,2466,37765,150,39,26.0,,,,17,1,Transparency 2026 - Ind QHP,Transparency_in_Coverage_PUF.xlsx,27379dc76590027b0e6d21d736331f87376f0ac87810d68e9f7cca555eef4b1f
2024,16,269,850630,4295438,158416,924286,12770,520332,1238,,,,0,,33,1,Transparency 2026 - Ind QHP,Transparency_in_Coverage_PUF.xlsx,27379dc76590027b0e6d21d736331f87376f0ac87810d68e9f7cca555eef4b1f
2024,16,287,4981,6045,1158,1931,80,98,,,,0,0,0.0,3,1,Transparency 2026 - Ind SADP,Transparency_in_Coverage_PUF.xlsx,27379dc76590027b0e6d21d736331f87376f0ac87810d68e9f7cca555eef4b1f
2024,16,317,12863,11513,6512,3662,1245,977,,,,0,0,0.0,4,1,Transparency 2026 - Ind SADP,Transparency_in_Coverage_PUF.xlsx,27379dc76590027b0e6d21d736331f87376f0ac87810d68e9f7cca555eef4b1f
2024,16,321,145,142,57,61,,,0,0,0.0,,,,4,1,Transparency 2026 - Ind SADP,Transparency_in_Coverage_PUF.xlsx,27379dc76590027b0e6d21d736331f87376f0ac87810d68e9f7cca555eef4b1f
2024,17,67,899,5317,389,1334,53,353,0,0,0.0,0,0,0.0,5,1,Transparency 2026 - Ind SADP,Transparency_in_Coverage_PUF.xlsx,27379dc76590027b0e6d21d736331f87376f0ac87810d68e9f7cca555eef4b1f
2024,17,115,7251,717367,12362,96964,121,9356,177,79,44.63,0,0,0.0,14,1,Transparency 2026 - Ind QHP,Transparency_in_Coverage_PUF.xlsx,27379dc76590027b0e6d21d736331f87376f0ac87810d68e9f7cca555eef4b1f
2024,17,255,2662,72125,2463,15098,705,7183,40,15,37.5,0,0,0.0,27,1,Transparency 2026 - Ind QHP,Transparency_in_Coverage_PUF.xlsx,27379dc76590027b0e6d21d736331f87376f0ac87810d68e9f7cca555eef4b1f
2024,17,264,68,23,36,12,,,0,0,0.0,,0,,4,1,Transparency 2026 - Ind SADP,Transparency_in_Coverage_PUF.xlsx,27379dc76590027b0e6d21d736331f87376f0ac87810d68e9f7cca555eef4b1f
2024,17,306,20854,642746,10773,28533,458,15923,147,96,65.31,,,,18,1,Transparency 2026 - Ind QHP,Transparency_in_Coverage_PUF.xlsx,27379dc76590027b0e6d21d736331f87376f0ac87810d68e9f7cca555eef4b1f
2024,18,15,,,,,,,,,,,,,17,1,Transparency 2026 - Ind QHP,Transparency_in_Coverage_PUF.xlsx,27379dc76590027b0e6d21d736331f87376f0ac87810d68e9f7cca555eef4b1f
2024,18,43,45007,1322366,37200,281819,9973,144473,720,355,49.31,11,,,36,1,Transparency 2026 - Ind QHP,Transparency_in_Coverage_PUF.xlsx,27379dc76590027b0e6d21d736331f87376f0ac87810d68e9f7cca555eef4b1f
2024,18,78,18822,590006,18718,91925,508,22458,870,198,22.76,17,,,78,1,Transparency 2026 - Ind QHP,Transparency_in_Coverage_PUF.xlsx,27379dc76590027b0e6d21d736331f87376f0ac87810d68e9f7cca555eef4b1f
2024,18,147,977,15671,424,3985,120,1431,0,0,0.0,0,0,0.0,5,1,Transparency 2026 - Ind SADP,Transparency_in_Coverage_PUF.xlsx,27379dc76590027b0e6d21d736331f87376f0ac87810d68e9f7cca555eef4b1f
2024,18,163,641,1169,103,199,,20,0,0,0.0,0,0,0.0,3,1,Transparency 2026 - Ind SADP,Transparency_in_Coverage_PUF.xlsx,27379dc76590027b0e6d21d736331f87376f0ac87810d68e9f7cca555eef4b1f
2024,18,172,202,536,80,147,,16,0,0,0.0,12,,,4,1,Transparency 2026 - Ind SADP,Transparency_in_Coverage_PUF.xlsx,27379dc76590027b0e6d21d736331f87376f0ac87810d68e9f7cca555eef4b1f
2024,18,191,2288,46889,2044,10186,119,2732,950,437,46.0,16,,,23,1,Transparency 2026 - Ind QHP,Transparency_in_Coverage_PUF.xlsx,27379dc76590027b0e6d21d736331f87376f0ac87810d68e9f7cca555eef4b1f
2024,18,253,,,,,,,,,,,,,14,1,Transparency 2026 - Ind QHP,Transparency_in_Coverage_PUF.xlsx,27379dc76590027b0e6d21d736331f87376f0ac87810d68e9f7cca555eef4b1f
2024,18,337,755,5441,411,1839,0,0,0,0,0.0,0,0,0.0,4,1,Transparency 2026 - Ind SADP,Transparency_in_Coverage_PUF.xlsx,27379dc76590027b0e6d21d736331f87376f0ac87810d68e9f7cca555eef4b1f
2024,19,13,,,,,,,,,,,,,7,1,Transparency 2026 - Ind QHP,Transparency_in_Coverage_PUF.xlsx,27379dc76590027b0e6d21d736331f87376f0ac87810d68e9f7cca555eef4b1f
2024,19,192,4704,28677,751,2555,91,1389,160,71,44.38,,0,,30,2,Transparency 2026 - Ind SADP | Transparency 2026 - SHOP,Transparency_in_Coverage_PUF.xlsx,27379dc76590027b0e6d21d736331f87376f0ac87810d68e9f7cca555eef4b1f
2024,19,199,39,117211,39,33754,,1094,84,28,33.33,0,0,0.0,9,1,Transparency 2026 - Ind QHP,Transparency_in_Coverage_PUF.xlsx,27379dc76590027b0e6d21d736331f87376f0ac87810d68e9f7cca555eef4b1f
2024,19,252,2387,2427,964,987,193,179,0,0,0.0,0,0,0.0,4,1,Transparency 2026 - Ind SADP,Transparency_in_Coverage_PUF.xlsx,27379dc76590027b0e6d21d736331f87376f0ac87810d68e9f7cca555eef4b1f
2024,19,265,30063,759938,8997,133926,337,7064,31,18,58.06,,,,18,1,Transparency 2026 - Ind QHP,Transparency_in_Coverage_PUF.xlsx,27379dc76590027b0e6d21d736331f87376f0ac87810d68e9f7cca555eef4b1f
2024,19,303,907,20865,247,3475,,,,,,0,0,0.0,4,1,Transparency 2026 - Ind SADP,Transparency_in_Coverage_PUF.xlsx,27379dc76590027b0e6d21d736331f87376f0ac87810d68e9f7cca555eef4b1f
2024,19,328,47282,2199992,25338,153654,3938,111543,396,166,41.92,0,0,0.0,64,2,Transparency 2026 - Ind QHP | Transparency 2026 - SHOP,Transparency_in_Coverage_PUF.xlsx,27379dc76590027b0e6d21d736331f87376f0ac87810d68e9f7cca555eef4b1f
2024,20,60,,,,,,,,,,,,,3,1,Transparency 2026 - Ind SADP,Transparency_in_Coverage_PUF.xlsx,27379dc76590027b0e6d21d736331f87376f0ac87810d68e9f7cca555eef4b1f
2024,20,74,306758,3535080,195583,294314,30164,203230,841,225,26.75,,0,,16,2,Transparency 2026 - Ind QHP | Transparency 2026 - Ind SADP,Transparency_in_Coverage_PUF.xlsx,27379dc76590027b0e6d21d736331f87376f0ac87810d68e9f7cca555eef4b1f
2024,20,75,633889,1276642,356571,337922,17367,72925,18709,4700,25.12,394,101,25.63,16,1,Transparency 2026 - Ind QHP,Transparency_in_Coverage_PUF.xlsx,27379dc76590027b0e6d21d736331f87376f0ac87810d68e9f7cca555eef4b1f
2024,20,90,,,,,,,,,,,,,16,1,Transparency 2026 - Ind QHP,Transparency_in_Coverage_PUF.xlsx,27379dc76590027b0e6d21d736331f87376f0ac87810d68e9f7cca555eef4b1f
2024,20,100,339753,895840,201832,208089,35357,119234,944,330,34.96,21,,,18,2,Transparency 2026 - Ind QHP | Transparency 2026 - Ind SADP,Transparency_in_Coverage_PUF.xlsx,27379dc76590027b0e6d21d736331f87376f0ac87810d68e9f7cca555eef4b1f
2024,20,110,110,1579,104,585,0,23,11,,,0,0,0.0,4,1,Transparency 2026 - Ind SADP,Transparency_in_Coverage_PUF.xlsx,27379dc76590027b0e6d21d736331f87376f0ac87810d68e9f7cca555eef4b1f
2024,20,133,407347,3673782,105758,714834,3784,423584,333,198,59.46,,,,17,1,Transparency 2026 - Ind QHP,Transparency_in_Coverage_PUF.xlsx,27379dc76590027b0e6d21d736331f87376f0ac87810d68e9f7cca555eef4b1f
2024,20,143,5763,7279,2191,2697,461,591,,,,0,0,0.0,4,1,Transparency 2026 - Ind SADP,Transparency_in_Coverage_PUF.xlsx,27379dc76590027b0e6d21d736331f87376f0ac87810d68e9f7cca555eef4b1f
2024,20,150,28712,610423,19484,121739,1169,46603,8186,2789,34.07,255,67,26.27,17,1,Transparency 2026 - Ind QHP,Transparency_in_Coverage_PUF.xlsx,27379dc76590027b0e6d21d736331f87376f0ac87810d68e9f7cca555eef4b1f
2024,20,156,,0,,0,0,0,,0,,0,0,0.0,4,1,Transparency 2026 - Ind SADP,Transparency_in_Coverage_PUF.xlsx,27379dc76590027b0e6d21d736331f87376f0ac87810d68e9f7cca555eef4b1f
2024,20,176,17856,197767,10848,51591,5604,5604,319,245,76.8,,,,18,1,Transparency 2026 - Ind QHP,Transparency_in_Coverage_PUF.xlsx,27379dc76590027b0e6d21d736331f87376f0ac87810d68e9f7cca555eef4b1f
2024,20,188,115,392,99,98,0,0,14,,,0,0,0.0,1,1,Transparency 2026 - Ind SADP,Transparency_in_Coverage_PUF.xlsx,27379dc76590027b0e6d21d736331f87376f0ac87810d68e9f7cca555eef4b1f
2024,20,219,223180,1975213,92942,428806,27281,309082,216,108,50.0,,,,22,1,Transparency 2026 - Ind QHP,Transparency_in_Coverage_PUF.xlsx,27379dc76590027b0e6d21d736331f87376f0ac87810d68e9f7cca555eef4b1f
2024,20,228,1968,4213,1368,1562,0,0,0,0,0.0,0,0,0.0,4,1,Transparency 2026 - Ind SADP,Transparency_in_Coverage_PUF.xlsx,27379dc76590027b0e6d21d736331f87376f0ac87810d68e9f7cca555eef4b1f
2024,20,241,823,2399,303,531,53,39,0,0,0.0,0,0,0.0,5,1,Transparency 2026 - Ind SADP,Transparency_in_Coverage_PUF.xlsx,27379dc76590027b0e6d21d736331f87376f0ac87810d68e9f7cca555eef4b1f
2024,20,259,4564,110549,2382,15746,530,6848,30,22,73.33,0,0,0.0,26,1,Transparency 2026 - Ind QHP,Transparency_in_Coverage_PUF.xlsx,27379dc76590027b0e6d21d736331f87376f0ac87810d68e9f7cca555eef4b1f
2024,20,271,271798,2814185,160547,562546,42980,318163,5001,952,19.04,263,47,17.87,21,1,Transparency 2026 - Ind QHP,Transparency_in_Coverage_PUF.xlsx,27379dc76590027b0e6d21d736331f87376f0ac87810d68e9f7cca555eef4b1f
2024,20,295,2452,49513,1029,9674,158,3184,0,0,0.0,0,0,0.0,5,1,Transparency 2026 - Ind SADP,Transparency_in_Coverage_PUF.xlsx,27379dc76590027b0e6d21d736331f87376f0ac87810d68e9f7cca555eef4b1f
2024,20,307,194,873,39,333,0,,,0,,0,0,0.0,3,1,Transparency 2026 - Ind SADP,Transparency_in_Coverage_PUF.xlsx,27379dc76590027b0e6d21d736331f87376f0ac87810d68e9f7cca555eef4b1f
2024,20,334,530,3317,118,565,0,,,0,,0,0,0.0,1,1,Transparency 2026 - Ind SADP,Transparency_in_Coverage_PUF.xlsx,27379dc76590027b0e6d21d736331f87376f0ac87810d68e9f7cca555eef4b1f
2024,20,348,39919,1320144,38093,198720,12612,352894,657,421,64.08,21,,,13,1,Transparency 2026 - Ind QHP,Transparency_in_Coverage_PUF.xlsx,27379dc76590027b0e6d21d736331f87376f0ac87810d68e9f7cca555eef4b1f
2024,21,10,1698,5875,342,1442,37,86,0,0,0.0,0,0,0.0,3,1,Transparency 2026 - Ind SADP,Transparency_in_Coverage_PUF.xlsx,27379dc76590027b0e6d21d736331f87376f0ac87810d68e9f7cca555eef4b1f
2024,21,17,1237,4080,429,1212,90,245,0,0,0.0,0,0,0.0,3,1,Transparency 2026 - Ind SADP,Transparency_in_Coverage_PUF.xlsx,27379dc76590027b0e6d21d736331f87376f0ac87810d68e9f7cca555eef4b1f
2024,21,45,47354,398541,25606,103679,6712,42108,144,92,63.89,0,0,0.0,30,1,Transparency 2026 - Ind QHP,Transparency_in_Coverage_PUF.xlsx,27379dc76590027b0e6d21d736331f87376f0ac87810d68e9f7cca555eef4b1f
2024,21,50,846,6618,228,1262,0,22,,,,0,0,0.0,3,1,Transparency 2026 - Ind SADP,Transparency_in_Coverage_PUF.xlsx,27379dc76590027b0e6d21d736331f87376f0ac87810d68e9f7cca555eef4b1f
2024,21,126,26,161,14,67,0,,0,0,0.0,,,,4,1,Transparency 2026 - Ind SADP,Transparency_in_Coverage_PUF.xlsx,27379dc76590027b0e6d21d736331f87376f0ac87810d68e9f7cca555eef4b1f
2024,21,146,118378,260548,68213,59525,10025,31092,218,43,19.72,0,0,0.0,13,1,Transparency 2026 - Ind QHP,Transparency_in_Coverage_PUF.xlsx,27379dc76590027b0e6d21d736331f87376f0ac87810d68e9f7cca555eef4b1f
2024,21,198,206,7564,199,642,0,0,0,0,0.0,0,0,0.0,6,1,Transparency 2026 - Ind QHP,Transparency_in_Coverage_PUF.xlsx,27379dc76590027b0e6d21d736331f87376f0ac87810d68e9f7cca555eef4b1f
2024,21,210,488729,1824797,59946,438378,3616,189336,446,,,,0,,21,1,Transparency 2026 - Ind QHP,Transparency_in_Coverage_PUF.xlsx,27379dc76590027b0e6d21d736331f87376f0ac87810d68e9f7cca555eef4b1f
2024,21,283,2853,12576,1758,4716,0,0,0,0,0.0,0,0,0.0,4,1,Transparency 2026 - Ind SADP,Transparency_in_Coverage_PUF.xlsx,27379dc76590027b0e6d21d736331f87376f0ac87810d68e9f7cca555eef4b1f
2024,21,302,856070,8439891,280000,1385537,24407,161891,4404,1305,29.63,50,22,44.0,98,2,Transparency 2026 - Ind QHP | Transparency 2026 - Ind SADP,Transparency_in_Coverage_PUF.xlsx,27379dc76590027b0e6d21d736331f87376f0ac87810d68e9f7cca555eef4b1f
2024,21,315,115044,259248,35552,60135,5018,15841,4223,1159,27.44,83,36,43.37,15,1,Transparency 2026 - Ind QHP,Transparency_in_Coverage_PUF.xlsx,27379dc76590027b0e6d21d736331f87376f0ac87810d68e9f7cca555eef4b1f
2024,21,344,22878,435151,8360,74500,389,6905,204,103,50.49,,,,14,1,Transparency 2026 - Ind QHP,Transparency_in_Coverage_PUF.xlsx,27379dc76590027b0e6d21d736331f87376f0ac87810d68e9f7cca555eef4b1f
2024,22,2,1208,3771,338,658,19,53,136,12,,,0,,12,2,Transparency 2026 - Ind QHP | Transparency 2026 - Ind SADP,Transparency_in_Coverage_PUF.xlsx,27379dc76590027b0e6d21d736331f87376f0ac87810d68e9f7cca555eef4b1f
2024,22,58,14,1464,14,475,0,0,17,,,0,0,0.0,3,1,Transparency 2026 - Ind SADP,Transparency_in_Coverage_PUF.xlsx,27379dc76590027b0e6d21d736331f87376f0ac87810d68e9f7cca555eef4b1f
2024,22,70,1549,85963,735,14885,32,990,,,,0,0,0.0,3,1,Transparency 2026 - Ind SADP,Transparency_in_Coverage_PUF.xlsx,27379dc76590027b0e6d21d736331f87376f0ac87810d68e9f7cca555eef4b1f
2024,22,123,20682,1102738,18615,157741,395,77578,173,67,38.73,,,,13,1,Transparency 2026 - Ind QHP,Transparency_in_Coverage_PUF.xlsx,27379dc76590027b0e6d21d736331f87376f0ac87810d68e9f7cca555eef4b1f
2024,22,187,33982,410010,20246,16582,3039,9649,301,217,72.09,,,,11,1,Transparency 2026 - Ind QHP,Transparency_in_Coverage_PUF.xlsx,27379dc76590027b0e6d21d736331f87376f0ac87810d68e9f7cca555eef4b1f
2024,22,215,264,12346,174,1294,,0,,,,0,0,0.0,3,1,Transparency 2026 - Ind QHP,Transparency_in_Coverage_PUF.xlsx,27379dc76590027b0e6d21d736331f87376f0ac87810d68e9f7cca555eef4b1f
2024,22,230,1533,3223,717,1367,36,,,0,,0,0,0.0,2,1,Transparency 2026 - Ind SADP,Transparency_in_Coverage_PUF.xlsx,27379dc76590027b0e6d21d736331f87376f0ac87810d68e9f7cca555eef4b1f
2024,22,246,2384,9923,408,725,19,58,39,17,43.59,0,0,0.0,12,2,Transparency 2026 - Ind QHP | Transparency 2026 - Ind SADP,Transparency_in_Coverage_PUF.xlsx,27379dc76590027b0e6d21d736331f87376f0ac87810d68e9f7cca555eef4b1f
2024,22,273,55295,1013376,41236,100498,526,23,616,88,14.29,47,,,14,1,Transparency 2026 - Ind QHP,Transparency_in_Coverage_PUF.xlsx,27379dc76590027b0e6d21d736331f87376f0ac87810d68e9f7cca555eef4b1f
2024,22,343,5336,16036,1838,4508,633,1933,11,,,0,0,0.0,6,1,Transparency 2026 - Ind SADP,Transparency_in_Coverage_PUF.xlsx,27379dc76590027b0e6d21d736331f87376f0ac87810d68e9f7cca555eef4b1f
2024,23,62,324828,11796220,268959,1827005,8129,263044,2902,1215,41.87,234,132,56.41,77,2,Transparency 2026 - Ind QHP | Transparency 2026 - Ind SADP,Transparency_in_Coverage_PUF.xlsx,27379dc76590027b0e6d21d736331f87376f0ac87810d68e9f7cca555eef4b1f
2024,23,91,1331,2521,244,577,55,90,0,0,0.0,0,0,0.0,3,1,Transparency 2026 - Ind SADP,Transparency_in_Coverage_PUF.xlsx,27379dc76590027b0e6d21d736331f87376f0ac87810d68e9f7cca555eef4b1f
2024,23,98,166827,438616,89090,88229,7789,51587,403,125,31.02,,,,17,1,Transparency 2026 - Ind QHP,Transparency_in_Coverage_PUF.xlsx,27379dc76590027b0e6d21d736331f87376f0ac87810d68e9f7cca555eef4b1f
2024,23,99,,,,,,,,,,,,,5,1,Transparency 2026 - Ind QHP,Transparency_in_Coverage_PUF.xlsx,27379dc76590027b0e6d21d736331f87376f0ac87810d68e9f7cca555eef4b1f
2024,23,135,83239,1055016,26217,230150,7671,180267,422,243,57.58,0,0,0.0,12,1,Transparency 2026 - Ind QHP,Transparency_in_Coverage_PUF.xlsx,27379dc76590027b0e6d21d736331f87376f0ac87810d68e9f7cca555eef4b1f
2024,23,160,10174,8617,5255,3801,869,746,,,,0,0,0.0,4,1,Transparency 2026 - Ind SADP,Transparency_in_Coverage_PUF.xlsx,27379dc76590027b0e6d21d736331f87376f0ac87810d68e9f7cca555eef4b1f
2024,23,254,20445,121039,12130,39520,7290,30130,29,16,55.17,0,0,0.0,8,1,Transparency 2026 - Ind QHP,Transparency_in_Coverage_PUF.xlsx,27379dc76590027b0e6d21d736331f87376f0ac87810d68e9f7cca555eef4b1f
2024,23,275,1059613,8043578,133679,1471467,6349,48223,1299,,,,0,,17,1,Transparency 2026 - Ind QHP,Transparency_in_Coverage_PUF.xlsx,27379dc76590027b0e6d21d736331f87376f0ac87810d68e9f7cca555eef4b1f
2024,23,291,7398,17691,5329,7415,0,0,0,0,0.0,0,0,0.0,4,1,Transparency 2026 - Ind SADP,Transparency_in_Coverage_PUF.xlsx,27379dc76590027b0e6d21d736331f87376f0ac87810d68e9f7cca555eef4b1f
2024,23,305,315,337,117,104,12,12,0,0,0.0,,,,4,1,Transparency 2026 - Ind SADP,Transparency_in_Coverage_PUF.xlsx,27379dc76590027b0e6d21d736331f87376f0ac87810d68e9f7cca555eef4b1f
2024,23,330,5856,11899,1777,3384,338,766,0,0,0.0,0,0,0.0,5,1,Transparency 2026 - Ind SADP,Transparency_in_Coverage_PUF.xlsx,27379dc76590027b0e6d21d736331f87376f0ac87810d68e9f7cca555eef4b1f
2024,24,86,24243,855229,10667,35230,637,14966,365,218,59.73,,,,18,1,Transparency 2026 - Ind QHP,Transparency_in_Coverage_PUF.xlsx,27379dc76590027b0e6d21d736331f87376f0ac87810d68e9f7cca555eef4b1f
2024,24,173,21179,425214,12544,65429,721,17819,152,43,28.29,,0,,14,1,Transparency 2026 - Ind QHP,Transparency_in_Coverage_PUF.xlsx,27379dc76590027b0e6d21d736331f87376f0ac87810d68e9f7cca555eef4b1f
2024,24,203,4675,436009,3653,11752,96,109,154,69,44.81,,,,35,1,Transparency 2026 - Ind QHP,Transparency_in_Coverage_PUF.xlsx,27379dc76590027b0e6d21d736331f87376f0ac87810d68e9f7cca555eef4b1f
2024,24,205,112,48,55,23,,,0,0,0.0,,,,4,1,Transparency 2026 - Ind SADP,Transparency_in_Coverage_PUF.xlsx,27379dc76590027b0e6d21d736331f87376f0ac87810d68e9f7cca555eef4b1f
2024,25,20,1095096,6270421,652680,1323501,132259,233804,587,264,44.97,,,,96,1,Transparency 2026 - Ind QHP,Transparency_in_Coverage_PUF.xlsx,27379dc76590027b0e6d21d736331f87376f0ac87810d68e9f7cca555eef4b1f
2024,25,51,100026,798002,64043,187709,4839,37230,9553,3657,38.28,162,30,18.52,17,1,Transparency 2026 - Ind QHP,Transparency_in_Coverage_PUF.xlsx,27379dc76590027b0e6d21d736331f87376f0ac87810d68e9f7cca555eef4b1f
2024,25,56,18,126,,44,,,0,0,0.0,,0,,4,1,Transparency 2026 - Ind SADP,Transparency_in_Coverage_PUF.xlsx,27379dc76590027b0e6d21d736331f87376f0ac87810d68e9f7cca555eef4b1f
2024,25,69,1340,3552,571,1684,20,41,14,0,0.0,0,0,0.0,3,1,Transparency 2026 - Ind SADP,Transparency_in_Coverage_PUF.xlsx,27379dc76590027b0e6d21d736331f87376f0ac87810d68e9f7cca555eef4b1f
2024,25,80,,,,,,,,,,,,,9,1,Transparency 2026 - Ind QHP,Transparency_in_Coverage_PUF.xlsx,27379dc76590027b0e6d21d736331f87376f0ac87810d68e9f7cca555eef4b1f
2024,25,141,63,1770,59,731,0,,,0,,0,0,0.0,3,1,Transparency 2026 - Ind SADP,Transparency_in_Coverage_PUF.xlsx,27379dc76590027b0e6d21d736331f87376f0ac87810d68e9f7cca555eef4b1f
2024,25,234,437684,2157936,246775,446509,35944,226551,1483,470,31.69,,,,14,2,Transparency 2026 - Ind QHP | Transparency 2026 - Ind SADP,Transparency_in_Coverage_PUF.xlsx,27379dc76590027b0e6d21d736331f87376f0ac87810d68e9f7cca555eef4b1f
2024,25,240,1488485,8726180,268561,1645943,10101,957113,2600,,,,0,,19,1,Transparency 2026 - Ind QHP,Transparency_in_Coverage_PUF.xlsx,27379dc76590027b0e6d21d736331f87376f0ac87810d68e9f7cca555eef4b1f
2024,25,285,5212,34760,1452,8900,25,69,24,,,0,0,0.0,3,1,Transparency 2026 - Ind SADP,Transparency_in_Coverage_PUF.xlsx,27379dc76590027b0e6d21d736331f87376f0ac87810d68e9f7cca555eef4b1f
2024,25,309,3541,10594,2560,4602,0,0,0,0,0.0,0,0,0.0,4,1,Transparency 2026 - Ind SADP,Transparency_in_Coverage_PUF.xlsx,27379dc76590027b0e6d21d736331f87376f0ac87810d68e9f7cca555eef4b1f
2024,25,332,8120,16411,3573,6666,629,1069,0,0,0.0,0,0,0.0,4,1,Transparency 2026 - Ind SADP,Transparency_in_Coverage_PUF.xlsx,27379dc76590027b0e6d21d736331f87376f0ac87810d68e9f7cca555eef4b1f
2024,25,345,139697,4704089,121987,955423,4781,148089,720,380,52.78,,,,12,2,Transparency 2026 - Ind QHP | Transparency 2026 - Ind SADP,Transparency_in_Coverage_PUF.xlsx,27379dc76590027b0e6d21d736331f87376f0ac87810d68e9f7cca555eef4b1f
2024,26,7,,,,,,,,,,,,,6,1,Transparency 2026 - Ind QHP,Transparency_in_Coverage_PUF.xlsx,27379dc76590027b0e6d21d736331f87376f0ac87810d68e9f7cca555eef4b1f
2024,26,12,10396,20479,4918,8765,0,0,0,0,0.0,0,0,0.0,4,1,Transparency 2026 - Ind SADP,Transparency_in_Coverage_PUF.xlsx,27379dc76590027b0e6d21d736331f87376f0ac87810d68e9f7cca555eef4b1f
2024,26,34,8439,142112,8188,34484,53,8806,39,14,35.9,,0,,5,1,Transparency 2026 - Ind QHP,Transparency_in_Coverage_PUF.xlsx,27379dc76590027b0e6d21d736331f87376f0ac87810d68e9f7cca555eef4b1f
2024,26,41,520276,3001076,286065,764285,20503,155323,38325,9061,23.64,517,176,34.04,100,1,Transparency 2026 - Ind QHP,Transparency_in_Coverage_PUF.xlsx,27379dc76590027b0e6d21d736331f87376f0ac87810d68e9f7cca555eef4b1f
2024,26,49,,,,,,,,,,,,,6,1,Transparency 2026 - Ind SADP,Transparency_in_Coverage_PUF.xlsx,27379dc76590027b0e6d21d736331f87376f0ac87810d68e9f7cca555eef4b1f
2024,26,53,360,20795,287,7130,0,203,53,14,26.42,0,0,0.0,2,1,Transparency 2026 - Ind SADP,Transparency_in_Coverage_PUF.xlsx,27379dc76590027b0e6d21d736331f87376f0ac87810d68e9f7cca555eef4b1f
2024,26,55,16462,124968,5594,36914,259,1203,97,,,0,0,0.0,3,1,Transparency 2026 - Ind SADP,Transparency_in_Coverage_PUF.xlsx,27379dc76590027b0e6d21d736331f87376f0ac87810d68e9f7cca555eef4b1f
2024,26,63,5701,88807,5693,80730,0,0,0,0,0.0,0,0,0.0,1,1,Transparency 2026 - Ind SADP,Transparency_in_Coverage_PUF.xlsx,27379dc76590027b0e6d21d736331f87376f0ac87810d68e9f7cca555eef4b1f
2024,26,65,680140,6776421,409025,1449319,30302,1032782,1054,260,24.67,26,16,61.54,11,1,Transparency 2026 - Ind QHP,Transparency_in_Coverage_PUF.xlsx,27379dc76590027b0e6d21d736331f87376f0ac87810d68e9f7cca555eef4b1f
2024,26,77,1674627,16238521,258074,2652607,69366,1925576,3010,1842,61.2,237,130,54.85,13,1,Transparency 2026 - Ind QHP,Transparency_in_Coverage_PUF.xlsx,27379dc76590027b0e6d21d736331f87376f0ac87810d68e9f7cca555eef4b1f
2024,26,96,2697101,58806743,906328,11028737,51199,1034765,22641,11397,50.34,808,325,40.22,552,2,Transparency 2026 - Ind QHP | Transparency 2026 - Ind SADP,Transparency_in_Coverage_PUF.xlsx,27379dc76590027b0e6d21d736331f87376f0ac87810d68e9f7cca555eef4b1f
2024,26,97,1451,9053,1286,6744,0,0,0,0,0.0,0,0,0.0,2,1,Transparency 2026 - Ind SADP,Transparency_in_Coverage_PUF.xlsx,27379dc76590027b0e6d21d736331f87376f0ac87810d68e9f7cca555eef4b1f
2024,26,108,1777,2530,804,902,50,28,,,,0,0,0.0,7,1,Transparency 2026 - Ind QHP,Transparency_in_Coverage_PUF.xlsx,27379dc76590027b0e6d21d736331f87376f0ac87810d68e9f7cca555eef4b1f
2024,26,116,,,,,,,,,,,,,4,1,Transparency 2026 - Ind QHP,Transparency_in_Coverage_PUF.xlsx,27379dc76590027b0e6d21d736331f87376f0ac87810d68e9f7cca555eef4b1f
2024,26,125,5348859,14698969,2251733,2550560,510828,1431669,12386,4333,34.98,67,21,31.34,20,1,Transparency 2026 - Ind QHP,Transparency_in_Coverage_PUF.xlsx,27379dc76590027b0e6d21d736331f87376f0ac87810d68e9f7cca555eef4b1f
2024,26,130,3656,11449,1172,3034,254,677,0,0,0.0,0,0,0.0,5,1,Transparency 2026 - Ind SADP,Transparency_in_Coverage_PUF.xlsx,27379dc76590027b0e6d21d736331f87376f0ac87810d68e9f7cca555eef4b1f
2024,26,132,1360874,8274564,270578,1205777,472259,1669883,5246,3157,60.18,170,136,80.0,10,1,Transparency 2026 - Ind QHP,Transparency_in_Coverage_PUF.xlsx,27379dc76590027b0e6d21d736331f87376f0ac87810d68e9f7cca555eef4b1f
2024,26,148,57582,987573,22873,237126,6572,170021,996,545,54.72,21,14,66.67,12,1,Transparency 2026 - Ind QHP,Transparency_in_Coverage_PUF.xlsx,27379dc76590027b0e6d21d736331f87376f0ac87810d68e9f7cca555eef4b1f
2024,26,155,,,,,,,,,,,,,21,1,Transparency 2026 - Ind QHP,Transparency_in_Coverage_PUF.xlsx,27379dc76590027b0e6d21d736331f87376f0ac87810d68e9f7cca555eef4b1f
2024,26,157,41,153,22,89,,12,0,0,0.0,,,,4,1,Transparency 2026 - Ind SADP,Transparency_in_Coverage_PUF.xlsx,27379dc76590027b0e6d21d736331f87376f0ac87810d68e9f7cca555eef4b1f
2024,26,196,6579,9195,3847,5885,,30,51,,,0,0,0.0,4,1,Transparency 2026 - Ind SADP,Transparency_in_Coverage_PUF.xlsx,27379dc76590027b0e6d21d736331f87376f0ac87810d68e9f7cca555eef4b1f
2024,26,206,1155,1808,436,529,37,31,0,0,0.0,0,0,0.0,3,1,Transparency 2026 - Ind SADP,Transparency_in_Coverage_PUF.xlsx,27379dc76590027b0e6d21d736331f87376f0ac87810d68e9f7cca555eef4b1f
2024,26,212,10937,54180,2891,11964,40,149,25,,,0,0,0.0,3,1,Transparency 2026 - Ind SADP,Transparency_in_Coverage_PUF.xlsx,27379dc76590027b0e6d21d736331f87376f0ac87810d68e9f7cca555eef4b1f
2024,26,213,6808,112382,4276,34419,351,539,,,,,,,4,1,Transparency 2026 - Ind QHP,Transparency_in_Coverage_PUF.xlsx,27379dc76590027b0e6d21d736331f87376f0ac87810d68e9f7cca555eef4b1f
2024,26,222,252696,1206500,111019,141176,6699,18376,4256,1337,31.41,0,0,0.0,18,1,Transparency 2026 - Ind QHP,Transparency_in_Coverage_PUF.xlsx,27379dc76590027b0e6d21d736331f87376f0ac87810d68e9f7cca555eef4b1f
2024,26,243,,,,,,,,,,,,,11,1,Transparency 2026 - Ind QHP,Transparency_in_Coverage_PUF.xlsx,27379dc76590027b0e6d21d736331f87376f0ac87810d68e9f7cca555eef4b1f
2024,26,249,23432,471218,10176,101311,1113,75905,21,14,66.67,,,,7,1,Transparency 2026 - Ind QHP,Transparency_in_Coverage_PUF.xlsx,27379dc76590027b0e6d21d736331f87376f0ac87810d68e9f7cca555eef4b1f
2024,26,268,139402,4080439,130069,884055,6499,148375,1184,755,63.77,,,,22,1,Transparency 2026 - Ind QHP,Transparency_in_Coverage_PUF.xlsx,27379dc76590027b0e6d21d736331f87376f0ac87810d68e9f7cca555eef4b1f
2024,26,298,2973880,5807390,414165,1287305,83123,868324,1083,622,57.43,62,31,50.0,21,1,Transparency 2026 - Ind QHP,Transparency_in_Coverage_PUF.xlsx,27379dc76590027b0e6d21d736331f87376f0ac87810d68e9f7cca555eef4b1f
2024,26,313,17953,17691,6453,5961,1309,1406,,,,0,0,0.0,5,1,Transparency 2026 - Ind SADP,Transparency_in_Coverage_PUF.xlsx,27379dc76590027b0e6d21d736331f87376f0ac87810d68e9f7cca555eef4b1f
2024,26,341,1796,4031,1557,999,0,0,0,0,0.0,0,0,0.0,2,1,Transparency 2026 - Ind SADP,Transparency_in_Coverage_PUF.xlsx,27379dc76590027b0e6d21d736331f87376f0ac87810d68e9f7cca555eef4b1f
2024,27,21,18,2191,18,992,0,,,0,,0,0,0.0,2,1,Transparency 2026 - Ind SADP,Transparency_in_Coverage_PUF.xlsx,27379dc76590027b0e6d21d736331f87376f0ac87810d68e9f7cca555eef4b1f
2024,27,35,4440,125008,2133,28618,711,20845,78,56,71.79,0,0,0.0,8,1,Transparency 2026 - Ind QHP,Transparency_in_Coverage_PUF.xlsx,27379dc76590027b0e6d21d736331f87376f0ac87810d68e9f7cca555eef4b1f
2024,27,48,26259,395068,18956,58383,143,276,487,60,12.32,11,,,8,1,Transparency 2026 - Ind QHP,Transparency_in_Coverage_PUF.xlsx,27379dc76590027b0e6d21d736331f87376f0ac87810d68e9f7cca555eef4b1f
2024,27,101,350,5454,163,1868,0,0,0,0,0.0,0,0,0.0,3,1,Transparency 2026 - Ind SADP,Transparency_in_Coverage_PUF.xlsx,27379dc76590027b0e6d21d736331f87376f0ac87810d68e9f7cca555eef4b1f
2024,27,105,556,7900,442,1310,14,0,,0,,,,,3,1,Transparency 2026 - Ind QHP,Transparency_in_Coverage_PUF.xlsx,27379dc76590027b0e6d21d736331f87376f0ac87810d68e9f7cca555eef4b1f
2024,27,127,14122,134094,4591,29217,854,7321,,,,0,0,0.0,6,1,Transparency 2026 - Ind SADP,Transparency_in_Coverage_PUF.xlsx,27379dc76590027b0e6d21d736331f87376f0ac87810d68e9f7cca555eef4b1f
2024,27,134,8402,644314,6301,122297,226,38713,482,155,32.16,,,,12,1,Transparency 2026 - Ind QHP,Transparency_in_Coverage_PUF.xlsx,27379dc76590027b0e6d21d736331f87376f0ac87810d68e9f7cca555eef4b1f
2024,27,136,,61,,39,0,,,0,,0,0,0.0,4,1,Transparency 2026 - Ind SADP,Transparency_in_Coverage_PUF.xlsx,27379dc76590027b0e6d21d736331f87376f0ac87810d68e9f7cca555eef4b1f
2024,27,154,,118,,118,0,0,,0,,0,0,0.0,2,1,Transparency 2026 - Ind SADP,Transparency_in_Coverage_PUF.xlsx,27379dc76590027b0e6d21d736331f87376f0ac87810d68e9f7cca555eef4b1f
2024,27,232,243867,8402145,136635,1571221,29506,604850,5422,1467,27.06,119,53,44.54,21,1,Transparency 2026 - Ind QHP,Transparency_in_Coverage_PUF.xlsx,27379dc76590027b0e6d21d736331f87376f0ac87810d68e9f7cca555eef4b1f
2024,27,245,532,18428,228,4706,,149,,0,,0,0,0.0,2,1,Transparency 2026 - Ind SADP,Transparency_in_Coverage_PUF.xlsx,27379dc76590027b0e6d21d736331f87376f0ac87810d68e9f7cca555eef4b1f
2024,27,297,956,7698,361,2176,110,877,0,0,0.0,0,0,0.0,6,1,Transparency 2026 - Ind SADP,Transparency_in_Coverage_PUF.xlsx,27379dc76590027b0e6d21d736331f87376f0ac87810d68e9f7cca555eef4b1f
2024,27,331,,,,,,,,,,,,,2,1,Transparency 2026 - Ind SADP,Transparency_in_Coverage_PUF.xlsx,27379dc76590027b0e6d21d736331f87376f0ac87810d68e9f7cca555eef4b1f
2024,27,338,267,261,137,87,,,,,,0,0,0.0,5,1,Transparency 2026 - Ind QHP,Transparency_in_Coverage_PUF.xlsx,27379dc76590027b0e6d21d736331f87376f0ac87810d68e9f7cca555eef4b1f
2024,28,42,11313,466789,1518,30260,587,24128,,,,0,0,0.0,16,1,Transparency 2026 - Ind QHP,Transparency_in_Coverage_PUF.xlsx,27379dc76590027b0e6d21d736331f87376f0ac87810d68e9f7cca555eef4b1f
2024,28,103,1944,2093,782,548,132,104,0,0,0.0,,,,3,1,Transparency 2026 - Ind SADP,Transparency_in_Coverage_PUF.xlsx,27379dc76590027b0e6d21d736331f87376f0ac87810d68e9f7cca555eef4b1f
2024,28,117,10233,696511,3696,57350,280,20828,204,98,48.04,,0,,57,1,Transparency 2026 - Ind QHP,Transparency_in_Coverage_PUF.xlsx,27379dc76590027b0e6d21d736331f87376f0ac87810d68e9f7cca555eef4b1f
2024,28,119,57574,1306739,26688,247191,2583,42462,258,168,65.12,0,0,0.0,90,2,Transparency 2026 - Ind QHP | Transparency 2026 - SHOP,Transparency_in_Coverage_PUF.xlsx,27379dc76590027b0e6d21d736331f87376f0ac87810d68e9f7cca555eef4b1f
2024,28,122,13092,1104307,11067,160914,4463,269535,391,193,49.36,0,0,0.0,30,1,Transparency 2026 - Ind QHP,Transparency_in_Coverage_PUF.xlsx,27379dc76590027b0e6d21d736331f87376f0ac87810d68e9f7cca555eef4b1f
2024,28,193,13758,510731,9707,87505,2935,45102,227,124,54.63,0,0,0.0,27,1,Transparency 2026 - Ind QHP,Transparency_in_Coverage_PUF.xlsx,27379dc76590027b0e6d21d736331f87376f0ac87810d68e9f7cca555eef4b1f
2024,28,194,5172,208646,1974,19105,314,43836,15,,,0,0,0.0,7,1,Transparency 2026 - Ind QHP,Transparency_in_Coverage_PUF.xlsx,27379dc76590027b0e6d21d736331f87376f0ac87810d68e9f7cca555eef4b1f
2024,28,220,556,1910,200,425,,,,,,0,0,0.0,6,1,Transparency 2026 - Ind SADP,Transparency_in_Coverage_PUF.xlsx,27379dc76590027b0e6d21d736331f87376f0ac87810d68e9f7cca555eef4b1f
2024,28,233,2296,2220,1308,1045,188,137,0,0,0.0,0,0,0.0,4,1,Transparency 2026 - Ind SADP,Transparency_in_Coverage_PUF.xlsx,27379dc76590027b0e6d21d736331f87376f0ac87810d68e9f7cca555eef4b1f
2024,28,237,964,2653,600,990,0,0,0,0,0.0,0,0,0.0,4,1,Transparency 2026 - Ind SADP,Transparency_in_Coverage_PUF.xlsx,27379dc76590027b0e6d21d736331f87376f0ac87810d68e9f7cca555eef4b1f
2024,28,276,423953,2462417,243159,213637,49052,174852,344,201,58.43,,0,,54,1,Transparency 2026 - Ind QHP,Transparency_in_Coverage_PUF.xlsx,27379dc76590027b0e6d21d736331f87376f0ac87810d68e9f7cca555eef4b1f
2024,28,277,2671,71775,451,8243,173,3122,,,,0,0,0.0,5,2,Transparency 2026 - Ind SADP | Transparency 2026 - SHOP,Transparency_in_Coverage_PUF.xlsx,27379dc76590027b0e6d21d736331f87376f0ac87810d68e9f7cca555eef4b1f
2024,28,281,130202,659260,95374,113541,8346,70830,594,244,41.08,,,,13,1,Transparency 2026 - Ind QHP,Transparency_in_Coverage_PUF.xlsx,27379dc76590027b0e6d21d736331f87376f0ac87810d68e9f7cca555eef4b1f
2024,28,282,14480,298634,9267,48655,191,7500,31,12,38.71,0,0,0.0,26,1,Transparency 2026 - Ind QHP,Transparency_in_Coverage_PUF.xlsx,27379dc76590027b0e6d21d736331f87376f0ac87810d68e9f7cca555eef4b1f
2024,28,294,7112,398306,3048,47925,547,64233,19,,,,0,,12,1,Transparency 2026 - Ind QHP,Transparency_in_Coverage_PUF.xlsx,27379dc76590027b0e6d21d736331f87376f0ac87810d68e9f7cca555eef4b1f
2024,28,300,28650,1504864,26485,143772,1677,60799,0,0,0.0,0,0,0.0,19,1,Transparency 2026 - Ind QHP,Transparency_in_Coverage_PUF.xlsx,27379dc76590027b0e6d21d736331f87376f0ac87810d68e9f7cca555eef4b1f
2024,28,308,6640,11247,1247,1104,124,208,,,,0,0,0.0,4,1,Transparency 2026 - Ind SADP,Transparency_in_Coverage_PUF.xlsx,27379dc76590027b0e6d21d736331f87376f0ac87810d68e9f7cca555eef4b1f
2024,28,314,461,2368,123,483,0,0,,0,,0,0,0.0,1,1,Transparency 2026 - Ind SADP,Transparency_in_Coverage_PUF.xlsx,27379dc76590027b0e6d21d736331f87376f0ac87810d68e9f7cca555eef4b1f
2024,28,322,4891,207372,1424,18470,253,31979,,,,,,,21,1,Transparency 2026 - Ind QHP,Transparency_in_Coverage_PUF.xlsx,27379dc76590027b0e6d21d736331f87376f0ac87810d68e9f7cca555eef4b1f
2024,29,88,38913,2341171,14234,471125,4930,2161,130,41,31.54,,0,,15,1,Transparency 2026 - Ind QHP,Transparency_in_Coverage_PUF.xlsx,27379dc76590027b0e6d21d736331f87376f0ac87810d68e9f7cca555eef4b1f
2024,29,174,118295,843758,94227,198752,23577,102965,993,65,,54,17,31.48,22,1,Transparency 2026 - Ind QHP,Transparency_in_Coverage_PUF.xlsx,27379dc76590027b0e6d21d736331f87376f0ac87810d68e9f7cca555eef4b1f
2024,29,267,2572,14180,831,3569,38,89,26,,,0,0,0.0,2,1,Transparency 2026 - Ind SADP,Transparency_in_Coverage_PUF.xlsx,27379dc76590027b0e6d21d736331f87376f0ac87810d68e9f7cca555eef4b1f
2024,30,3,28568,1305051,10747,229909,1445,178376,434,173,39.86,,,,11,1,Transparency 2026 - Ind QHP,Transparency_in_Coverage_PUF.xlsx,27379dc76590027b0e6d21d736331f87376f0ac87810d68e9f7cca555eef4b1f
2024,30,106,8763,2113,3210,570,838,108,,,,0,0,0.0,4,1,Transparency 2026 - Ind SADP,Transparency_in_Coverage_PUF.xlsx,27379dc76590027b0e6d21d736331f87376f0ac87810d68e9f7cca555eef4b1f
2024,30,158,56,21,28,14,,,0,0,0.0,,0,,4,1,Transparency 2026 - Ind SADP,Transparency_in_Coverage_PUF.xlsx,27379dc76590027b0e6d21d736331f87376f0ac87810d68e9f7cca555eef4b1f
2024,30,171,,,,,,,,,,,,,12,1,Transparency 2026 - Ind QHP,Transparency_in_Coverage_PUF.xlsx,27379dc76590027b0e6d21d736331f87376f0ac87810d68e9f7cca555eef4b1f
2024,30,280,4120,3828,1167,805,254,163,0,0,0.0,0,0,0.0,4,1,Transparency 2026 - Ind SADP,Transparency_in_Coverage_PUF.xlsx,27379dc76590027b0e6d21d736331f87376f0ac87810d68e9f7cca555eef4b1f
